{
  "selfish": {
    "theta": 0.0,
    "reward": {
      "mean": -0.12253515496850013,
      "std": 0.012763457154995477
    },
    "cooperation": {
      "mean": 0.12253515496850013,
      "std": 0.012763457154995477
    },
    "gini": {
      "mean": -0.1344697117805481,
      "std": 0.008311695960854735
    },
    "threshold_clean": {
      "mean": 0.10744591653347016
    },
    "threshold_harvest": {
      "mean": 1.0
    }
  },
  "individualist": {
    "theta": 0.2617993877991494,
    "reward": {
      "mean": -0.14796926751732825,
      "std": 0.01445705400258616
    },
    "cooperation": {
      "mean": 0.1208164043724537,
      "std": 0.011804134140960041
    },
    "gini": {
      "mean": -0.10688934922218322,
      "std": 0.006281762111451605
    },
    "threshold_clean": {
      "mean": 0.11104403510689735
    },
    "threshold_harvest": {
      "mean": 1.0
    }
  },
  "competitive": {
    "theta": 0.5235987755982988,
    "reward": {
      "mean": -0.16366957873106003,
      "std": 0.015778746482701556
    },
    "cooperation": {
      "mean": 0.11981445178389549,
      "std": 0.011550846846756413
    },
    "gini": {
      "mean": -0.08660244345664977,
      "std": 0.005432999259984651
    },
    "threshold_clean": {
      "mean": 0.11555774956941604
    },
    "threshold_harvest": {
      "mean": 1.0
    }
  },
  "prosocial": {
    "theta": 0.7853981633974483,
    "reward": {
      "mean": -0.16820578426122665,
      "std": 0.01653612848333034
    },
    "cooperation": {
      "mean": 0.11893944889307022,
      "std": 0.011692808940379468
    },
    "gini": {
      "mean": -0.06847599744796753,
      "std": 0.004169962107161403
    },
    "threshold_clean": {
      "mean": 0.1198902226984501
    },
    "threshold_harvest": {
      "mean": 1.0
    }
  },
  "cooperative": {
    "theta": 1.0471975511965976,
    "reward": {
      "mean": -0.1620207443833351,
      "std": 0.0164898209435265
    },
    "cooperation": {
      "mean": 0.11860741898417473,
      "std": 0.0120713846819364
    },
    "gini": {
      "mean": -0.05046514868736267,
      "std": 0.0031866053589722945
    },
    "threshold_clean": {
      "mean": 0.12306769266724586
    },
    "threshold_harvest": {
      "mean": 1.0
    }
  },
  "altruistic": {
    "theta": 1.3089969389957472,
    "reward": {
      "mean": -0.14484402164816856,
      "std": 0.015006459191944254
    },
    "cooperation": {
      "mean": 0.11826464459300041,
      "std": 0.012252721089693285
    },
    "gini": {
      "mean": -0.029922288656234742,
      "std": 0.0023690643085224746
    },
    "threshold_clean": {
      "mean": 0.1251689076423645
    },
    "threshold_harvest": {
      "mean": 1.0
    }
  },
  "full_altruist": {
    "theta": 1.5707963267948966,
    "reward": {
      "mean": -0.11815331801772118,
      "std": 0.012306987163931318
    },
    "cooperation": {
      "mean": 0.11815331801772118,
      "std": 0.012306987163931318
    },
    "gini": {
      "mean": -0.011039084196090699,
      "std": 0.0024715979942914338
    },
    "threshold_clean": {
      "mean": 0.12628140933811666
    },
    "threshold_harvest": {
      "mean": 1.0
    }
  },
  "comparison": {
    "groups": "selfish vs full_altruist",
    "test": {
      "t_stat": -0.7414100347099851,
      "p_value": 0.46802102186403216,
      "cohens_d": -0.34950376335096034,
      "significant": false
    }
  }
}