{
  "timestamp": 1771042566,
  "scale": "large",
  "config_override": {
    "USE_META_RANKING": false
  },
  "svo_conditions": 7,
  "seeds": [
    0,
    42,
    123,
    256,
    999,
    1337,
    2024,
    3141,
    4269,
    5555
  ],
  "total_runs": 70,
  "eval_summary": {
    "selfish": {
      "reward": {
        "mean": -0.12253515496850013,
        "std": 0.012763457154995477
      },
      "cooperation": {
        "mean": 0.12253515496850013,
        "std": 0.012763457154995477
      },
      "gini": {
        "mean": -0.1344697117805481,
        "std": 0.008311695960854735
      }
    },
    "individualist": {
      "reward": {
        "mean": -0.14796926751732825,
        "std": 0.01445705400258616
      },
      "cooperation": {
        "mean": 0.1208164043724537,
        "std": 0.011804134140960041
      },
      "gini": {
        "mean": -0.10688934922218322,
        "std": 0.006281762111451605
      }
    },
    "competitive": {
      "reward": {
        "mean": -0.16366957873106003,
        "std": 0.015778746482701556
      },
      "cooperation": {
        "mean": 0.11981445178389549,
        "std": 0.011550846846756413
      },
      "gini": {
        "mean": -0.08660244345664977,
        "std": 0.005432999259984651
      }
    },
    "prosocial": {
      "reward": {
        "mean": -0.16820578426122665,
        "std": 0.01653612848333034
      },
      "cooperation": {
        "mean": 0.11893944889307022,
        "std": 0.011692808940379468
      },
      "gini": {
        "mean": -0.06847599744796753,
        "std": 0.004169962107161403
      }
    },
    "cooperative": {
      "reward": {
        "mean": -0.1620207443833351,
        "std": 0.0164898209435265
      },
      "cooperation": {
        "mean": 0.11860741898417473,
        "std": 0.0120713846819364
      },
      "gini": {
        "mean": -0.05046514868736267,
        "std": 0.0031866053589722945
      }
    },
    "altruistic": {
      "reward": {
        "mean": -0.14484402164816856,
        "std": 0.015006459191944254
      },
      "cooperation": {
        "mean": 0.11826464459300041,
        "std": 0.012252721089693285
      },
      "gini": {
        "mean": -0.029922288656234742,
        "std": 0.0023690643085224746
      }
    },
    "full_altruist": {
      "reward": {
        "mean": -0.11815331801772118,
        "std": 0.012306987163931318
      },
      "cooperation": {
        "mean": 0.11815331801772118,
        "std": 0.012306987163931318
      },
      "gini": {
        "mean": -0.011039084196090699,
        "std": 0.0024715979942914338
      }
    }
  },
  "causal_summary": {
    "H1_svo_reward": {
      "ate": 0.0028709055645484284,
      "p_value": 0.6230539302164886,
      "significant": false,
      "cohens_f2": 0.06990578930440358,
      "effect_label": "small"
    },
    "H2_svo_cooperation": {
      "ate": -0.0026541673998287164,
      "p_value": 0.3193664754579535,
      "significant": false,
      "cohens_f2": null,
      "effect_label": null
    },
    "H3_svo_gini": {
      "ate": 0.0764439333498453,
      "p_value": 0.0,
      "significant": true,
      "cohens_f2": 53.823420989792965,
      "effect_label": "large"
    }
  },
  "monotonicity": {
    "spearman_reward": {
      "rho": 0.06893558714862158,
      "p": 0.5706823544712024,
      "significant": false,
      "direction": "positive"
    },
    "spearman_gini": {
      "rho": 0.9898443282878996,
      "p": 2.3786902740796333e-59,
      "significant": true,
      "direction": "positive"
    },
    "spearman_coop": {
      "rho": -0.18312280272437087,
      "p": 0.12916785274405498,
      "significant": false,
      "direction": "negative"
    },
    "kruskal_reward": {
      "H": 42.25690140845069,
      "p": 1.6360195171275564e-07,
      "significant": true
    },
    "kruskal_gini": {
      "H": 67.6056338028169,
      "p": 1.2652616694724158e-12,
      "significant": true
    }
  },
  "figures": {
    "fig1": "simulation/outputs/run_large_1771042566/figures/fig1_learning_curves.png",
    "fig2": "simulation/outputs/run_large_1771042566/figures/fig2_cooperation_rate.png",
    "fig3": "simulation/outputs/run_large_1771042566/figures/fig3_threshold_evolution.png",
    "fig5": "simulation/outputs/run_large_1771042566/figures/fig5_gini_comparison.png",
    "fig7": "simulation/outputs/run_large_1771042566/figures/fig7_svo_vs_welfare.png"
  }
}