{
  "selfish": {
    "theta": 0.0,
    "reward": {
      "mean": -0.012880059890449047,
      "std": 0.00039440557770771816
    },
    "cooperation": {
      "mean": 0.12880045672257742,
      "std": 0.003944027715550501
    },
    "gini": {
      "mean": -0.1331571340560913,
      "std": 0.004761532613509328
    },
    "threshold_clean": {
      "mean": 0.9940107464790344
    },
    "threshold_harvest": {
      "mean": 1.0
    }
  },
  "prosocial": {
    "theta": 0.7854,
    "reward": {
      "mean": -0.018215111767252285,
      "std": 0.0005577667648600967
    },
    "cooperation": {
      "mean": 0.12880045672257742,
      "std": 0.003944027715550501
    },
    "gini": {
      "mean": -0.0669697920481364,
      "std": 0.0021489234072382592
    },
    "threshold_clean": {
      "mean": 0.9940107464790344
    },
    "threshold_harvest": {
      "mean": 1.0
    }
  },
  "full_altruist": {
    "theta": 1.5708,
    "reward": {
      "mean": -0.012880003700653711,
      "std": 0.00039440610169606707
    },
    "cooperation": {
      "mean": 0.12880045672257742,
      "std": 0.003944027715550501
    },
    "gini": {
      "mean": -0.02573561668395996,
      "std": 0.003696204732532349
    },
    "threshold_clean": {
      "mean": 0.9940107464790344
    },
    "threshold_harvest": {
      "mean": 1.0
    }
  },
  "comparison": {
    "groups": "selfish vs full_altruist",
    "test": {
      "t_stat": -0.00014246694566736172,
      "p_value": 0.9998931497912014,
      "cohens_d": -0.00014246333356735644,
      "significant": false
    }
  }
}