{
  "reward": {
    "t_stat": 4.29371234324167,
    "p_value": 3.707790960245216e-05,
    "mean_diff": 0.01434700159089905,
    "cohens_d": 0.7310101346767842,
    "full_mean": -0.13242412262729236,
    "base_mean": -0.1467711242181914
  },
  "gini": {
    "t_stat": 1.8192081952381338,
    "p_value": 0.07105458388406362,
    "mean_diff": 0.012893165009362363,
    "cohens_d": 0.30972257140125964,
    "full_mean": -0.056801695483071464,
    "base_mean": -0.06969486049243383
  },
  "cooperation": {
    "t_stat": 0.0,
    "p_value": 1.0,
    "mean_diff": 0.0,
    "cohens_d": 0.0,
    "full_mean": 0.11959012023040226,
    "base_mean": 0.11959012023040226
  }
}