{
  "reward": {
    "method": "Bootstrap (10000 iterations)",
    "ate_mean": -0.010943237411957445,
    "ate_median": -0.010916835804500116,
    "ate_std": 0.0031180908222287816,
    "ci_lower": -0.017137572567567892,
    "ci_upper": -0.004714455154263888,
    "ci_level": 0.95,
    "n_bootstrap": 10000,
    "n_valid": 10000,
    "significant": true
  },
  "cooperation_rate": {
    "method": "Bootstrap (10000 iterations)",
    "ate_mean": -0.0026028235614537353,
    "ate_median": -0.002635854291110165,
    "ate_std": 0.0028729310617652717,
    "ci_lower": -0.00827579725831172,
    "ci_upper": 0.0031241278454928576,
    "ci_level": 0.95,
    "n_bootstrap": 10000,
    "n_valid": 10000,
    "significant": false
  },
  "gini": {
    "method": "Bootstrap (10000 iterations)",
    "ate_mean": 0.07804909218530089,
    "ate_median": 0.0779997663771256,
    "ate_std": 0.003527251284241321,
    "ci_lower": 0.07104971075342272,
    "ci_upper": 0.08505505651179134,
    "ci_level": 0.95,
    "n_bootstrap": 10000,
    "n_valid": 10000,
    "significant": true
  }
}