{
  "selfish": {
    "theta": 0.0,
    "reward": {
      "mean": -0.12253515496850013,
      "std": 0.012763457154995477
    },
    "cooperation": {
      "mean": 0.12253515496850013,
      "std": 0.012763457154995477
    },
    "gini": {
      "mean": -0.1344697117805481,
      "std": 0.008311695960854735
    },
    "threshold_clean": {
      "mean": 0.10744591653347016
    },
    "threshold_harvest": {
      "mean": 1.0
    }
  },
  "individualist": {
    "theta": 0.2617993877991494,
    "reward": {
      "mean": -0.12630812972784042,
      "std": 0.012273008578929299
    },
    "cooperation": {
      "mean": 0.1208164043724537,
      "std": 0.011804134140960041
    },
    "gini": {
      "mean": -0.09864938259124756,
      "std": 0.005839445435548333
    },
    "threshold_clean": {
      "mean": 0.11104403510689735
    },
    "threshold_harvest": {
      "mean": 1.0
    }
  },
  "competitive": {
    "theta": 0.5235987755982988,
    "reward": {
      "mean": -0.13034788221120835,
      "std": 0.012439466963318201
    },
    "cooperation": {
      "mean": 0.11981445178389549,
      "std": 0.011550846846756413
    },
    "gini": {
      "mean": -0.06762006282806396,
      "std": 0.004387862698530067
    },
    "threshold_clean": {
      "mean": 0.11555774956941604
    },
    "threshold_harvest": {
      "mean": 1.0
    }
  },
  "prosocial": {
    "theta": 0.7853981633974483,
    "reward": {
      "mean": -0.13374155685305594,
      "std": 0.0129650189285752
    },
    "cooperation": {
      "mean": 0.11893944889307022,
      "std": 0.011692808940379468
    },
    "gini": {
      "mean": -0.042635095119476316,
      "std": 0.0029292235127667777
    },
    "threshold_clean": {
      "mean": 0.1198902226984501
    },
    "threshold_harvest": {
      "mean": 1.0
    }
  },
  "cooperative": {
    "theta": 1.0471975511965976,
    "reward": {
      "mean": -0.13669033721089363,
      "std": 0.013677815834220954
    },
    "cooperation": {
      "mean": 0.11860741898417473,
      "std": 0.0120713846819364
    },
    "gini": {
      "mean": -0.02515594959259033,
      "std": 0.0023057523698820034
    },
    "threshold_clean": {
      "mean": 0.12306769266724586
    },
    "threshold_harvest": {
      "mean": 1.0
    }
  },
  "altruistic": {
    "theta": 1.3089969389957472,
    "reward": {
      "mean": -0.1383819542825222,
      "std": 0.014070653919776544
    },
    "cooperation": {
      "mean": 0.11826464459300041,
      "std": 0.012252721089693285
    },
    "gini": {
      "mean": -0.015697425603866576,
      "std": 0.00225913712324367
    },
    "threshold_clean": {
      "mean": 0.1251689076423645
    },
    "threshold_harvest": {
      "mean": 1.0
    }
  },
  "full_altruist": {
    "theta": 1.5707963267948966,
    "reward": {
      "mean": -0.13896384313702584,
      "std": 0.014197520046823871
    },
    "cooperation": {
      "mean": 0.11815331801772118,
      "std": 0.012306987163931318
    },
    "gini": {
      "mean": -0.013384240865707397,
      "std": 0.0023993895320712252
    },
    "threshold_clean": {
      "mean": 0.12628140933811666
    },
    "threshold_harvest": {
      "mean": 1.0
    }
  },
  "comparison": {
    "groups": "selfish vs full_altruist",
    "test": {
      "t_stat": 2.581606358830921,
      "p_value": 0.018924924972946785,
      "cohens_d": 1.2169800069586947,
      "significant": true
    }
  }
}