{
  "effect_matrix": {
    "selfish": {
      "reward": {
        "d": 0.0,
        "p": 1.0,
        "full_mean": -0.12253515496850013,
        "base_mean": -0.12253515496850013,
        "full_std": 0.012763457154995477,
        "base_std": 0.012763457154995477
      },
      "gini": {
        "d": 0.0,
        "p": 1.0,
        "full_mean": -0.1344697117805481,
        "base_mean": -0.1344697117805481,
        "full_std": 0.008311695960854735,
        "base_std": 0.008311695960854735
      },
      "cooperation": {
        "d": 0.0,
        "p": 1.0,
        "full_mean": 0.12253515496850013,
        "base_mean": 0.12253515496850013,
        "full_std": 0.012763457154995477,
        "base_std": 0.012763457154995477
      }
    },
    "individualist": {
      "reward": {
        "d": 1.6153491381529073,
        "p": 0.003100710427775289,
        "full_mean": -0.12630812972784042,
        "base_mean": -0.14796926751732825,
        "full_std": 0.012273008578929299,
        "base_std": 0.01445705400258616
      },
      "gini": {
        "d": 1.3586906896472282,
        "p": 0.009957024744771123,
        "full_mean": -0.09864938259124756,
        "base_mean": -0.10688934922218322,
        "full_std": 0.005839445435548333,
        "base_std": 0.006281762111451605
      },
      "cooperation": {
        "d": 0.0,
        "p": 1.0,
        "full_mean": 0.1208164043724537,
        "base_mean": 0.1208164043724537,
        "full_std": 0.011804134140960041,
        "base_std": 0.011804134140960041
      }
    },
    "competitive": {
      "reward": {
        "d": 2.3453506930252956,
        "p": 0.00011404864847155955,
        "full_mean": -0.13034788221120835,
        "base_mean": -0.16366957873106003,
        "full_std": 0.012439466963318201,
        "base_std": 0.015778746482701556
      },
      "gini": {
        "d": 3.8440200694036304,
        "p": 2.5462409252457693e-07,
        "full_mean": -0.06762006282806396,
        "base_mean": -0.08660244345664977,
        "full_std": 0.004387862698530067,
        "base_std": 0.005432999259984651
      },
      "cooperation": {
        "d": 0.0,
        "p": 1.0,
        "full_mean": 0.11981445178389549,
        "base_mean": 0.11981445178389549,
        "full_std": 0.011550846846756413,
        "base_std": 0.011550846846756413
      }
    },
    "prosocial": {
      "reward": {
        "d": 2.3195345672999066,
        "p": 0.00012880836623423806,
        "full_mean": -0.13374155685305594,
        "base_mean": -0.16820578426122665,
        "full_std": 0.0129650189285752,
        "base_std": 0.01653612848333034
      },
      "gini": {
        "d": 7.171262304166864,
        "p": 5.418340615735672e-11,
        "full_mean": -0.042635095119476316,
        "base_mean": -0.06847599744796753,
        "full_std": 0.0029292235127667777,
        "base_std": 0.004169962107161403
      },
      "cooperation": {
        "d": 0.0,
        "p": 1.0,
        "full_mean": 0.11893944889307022,
        "base_mean": 0.11893944889307022,
        "full_std": 0.011692808940379468,
        "base_std": 0.011692808940379468
      }
    },
    "cooperative": {
      "reward": {
        "d": 1.6720617826278412,
        "p": 0.0024040339831543356,
        "full_mean": -0.13669033721089363,
        "base_mean": -0.1620207443833351,
        "full_std": 0.013677815834220954,
        "base_std": 0.0164898209435265
      },
      "gini": {
        "d": 9.099864822490698,
        "p": 1.051283800943548e-12,
        "full_mean": -0.02515594959259033,
        "base_mean": -0.05046514868736267,
        "full_std": 0.0023057523698820034,
        "base_std": 0.0031866053589722945
      },
      "cooperation": {
        "d": 0.0,
        "p": 1.0,
        "full_mean": 0.11860741898417473,
        "base_mean": 0.11860741898417473,
        "full_std": 0.0120713846819364,
        "base_std": 0.0120713846819364
      }
    },
    "altruistic": {
      "reward": {
        "d": 0.44424790669676684,
        "p": 0.3585202365452966,
        "full_mean": -0.1383819542825222,
        "base_mean": -0.14484402164816856,
        "full_std": 0.014070653919776544,
        "base_std": 0.015006459191944254
      },
      "gini": {
        "d": 6.145303985878653,
        "p": 1.355881773374256e-10,
        "full_mean": -0.015697425603866576,
        "base_mean": -0.029922288656234742,
        "full_std": 0.00225913712324367,
        "base_std": 0.0023690643085224746
      },
      "cooperation": {
        "d": 0.0,
        "p": 1.0,
        "full_mean": 0.11826464459300041,
        "base_mean": 0.11826464459300041,
        "full_std": 0.012252721089693285,
        "base_std": 0.012252721089693285
      }
    },
    "full_altruist": {
      "reward": {
        "d": -1.5663589850366069,
        "p": 0.0038679249362903504,
        "full_mean": -0.13896384313702584,
        "base_mean": -0.11815331801772118,
        "full_std": 0.014197520046823871,
        "base_std": 0.012306987163931318
      },
      "gini": {
        "d": -0.9628023136678854,
        "p": 0.056053028528561,
        "full_mean": -0.013384240865707397,
        "base_mean": -0.011039084196090699,
        "full_std": 0.0023993895320712252,
        "base_std": 0.0024715979942914338
      },
      "cooperation": {
        "d": 0.0,
        "p": 1.0,
        "full_mean": 0.11815331801772118,
        "base_mean": 0.11815331801772118,
        "full_std": 0.012306987163931318,
        "base_std": 0.012306987163931318
      }
    }
  },
  "robustness": {
    "selfish": {
      "reward": {
        "mean": -0.12253515496850013,
        "std": 0.012763457154995477,
        "cv": 0.10416159475439153,
        "n_seeds": 10
      },
      "gini": {
        "mean": -0.1344697117805481,
        "std": 0.008311695960854735,
        "cv": 0.061810915267069645,
        "n_seeds": 10
      },
      "cooperation": {
        "mean": 0.12253515496850013,
        "std": 0.012763457154995477,
        "cv": 0.10416159475439153,
        "n_seeds": 10
      }
    },
    "individualist": {
      "reward": {
        "mean": -0.12630812972784042,
        "std": 0.012273008578929299,
        "cv": 0.09716721010258236,
        "n_seeds": 10
      },
      "gini": {
        "mean": -0.09864938259124756,
        "std": 0.005839445435548333,
        "cv": 0.059193937986859985,
        "n_seeds": 10
      },
      "cooperation": {
        "mean": 0.1208164043724537,
        "std": 0.011804134140960041,
        "cv": 0.09770307436538311,
        "n_seeds": 10
      }
    },
    "competitive": {
      "reward": {
        "mean": -0.13034788221120835,
        "std": 0.012439466963318201,
        "cv": 0.09543282754039678,
        "n_seeds": 10
      },
      "gini": {
        "mean": -0.06762006282806396,
        "std": 0.004387862698530067,
        "cv": 0.06488995299645002,
        "n_seeds": 10
      },
      "cooperation": {
        "mean": 0.11981445178389549,
        "std": 0.011550846846756413,
        "cv": 0.09640612359175345,
        "n_seeds": 10
      }
    },
    "prosocial": {
      "reward": {
        "mean": -0.13374155685305594,
        "std": 0.0129650189285752,
        "cv": 0.09694084048101878,
        "n_seeds": 10
      },
      "gini": {
        "mean": -0.042635095119476316,
        "std": 0.0029292235127667777,
        "cv": 0.06870451454507644,
        "n_seeds": 10
      },
      "cooperation": {
        "mean": 0.11893944889307022,
        "std": 0.011692808940379468,
        "cv": 0.09830892146550653,
        "n_seeds": 10
      }
    },
    "cooperative": {
      "reward": {
        "mean": -0.13669033721089363,
        "std": 0.013677815834220954,
        "cv": 0.10006424823664047,
        "n_seeds": 10
      },
      "gini": {
        "mean": -0.02515594959259033,
        "std": 0.0023057523698820034,
        "cv": 0.09165833161635692,
        "n_seeds": 10
      },
      "cooperation": {
        "mean": 0.11860741898417473,
        "std": 0.0120713846819364,
        "cv": 0.10177596633771309,