{
  "reward": {
    "dynamic": {
      "mean": -0.13242412262729236,
      "std": 0.014445503019668826,
      "min": -0.16078612208366394,
      "max": -0.09976562112569809,
      "cv": 0.10908513292797634,
      "sharpe": -9.16715205050217,
      "q5": -0.15442452877759932,
      "q95": -0.10699393413960934,
      "range": 0.06102050095796585,
      "n": 70
    },
    "static": {
      "mean": -0.1467711242181914,
      "std": 0.023700386435039238,
      "min": -0.18887485563755035,
      "max": -0.09680663794279099,
      "cv": 0.16147853715289398,
      "sharpe": -6.192773464706101,
      "q5": -0.18023798167705535,
      "q95": -0.1054794915020466,
      "range": 0.09206821769475937,
      "n": 70
    },
    "levene_stat": 22.248122434222044,
    "levene_p": 5.799829115857041e-06,
    "variance_ratio": 2.691816901672446,
    "dynamic_sharpe_better": false
  },
  "gini": {
    "dynamic": {
      "mean": -0.056801695483071464,
      "std": 0.0428028091156393,
      "min": -0.14905834197998047,
      "max": -0.009155690670013428,
      "cv": 0.7535480895705968,
      "sharpe": -1.3270553184864973,
      "q5": -0.13411234319210052,
      "q95": -0.012132871150970462,
      "range": 0.13990265130996704,
      "n": 70
    },
    "static": {
      "mean": -0.06969486049243383,
      "std": 0.04041928345575729,
      "min": -0.14905834197998047,
      "max": -0.006620168685913086,
      "cv": 0.5799464002104613,
      "sharpe": -1.7242972792608113,
      "q5": -0.13411234319210052,
      "q95": -0.010924988985061647,
      "range": 0.14243817329406738,
      "n": 70
    },
    "levene_stat": 0.09522159719759023,
    "levene_p": 0.758106396195955,
    "variance_ratio": 0.8917285585665424,
    "dynamic_sharpe_better": true
  },
  "cooperation": {
    "dynamic": {
      "mean": 0.11959012023040226,
      "std": 0.012160441654906609,
      "min": 0.09680663794279099,
      "max": 0.1371191442012787,
      "cv": 0.10168433338371355,
      "sharpe": 9.834356647905869,
      "q5": 0.09756249487400055,
      "q95": 0.13478319942951203,
      "range": 0.0403125062584877,
      "n": 70
    },
    "static": {
      "mean": 0.11959012023040226,
      "std": 0.012160441654906609,
      "min": 0.09680663794279099,
      "max": 0.1371191442012787,
      "cv": 0.10168433338371355,
      "sharpe": 9.834356647905869,
      "q5": 0.09756249487400055,
      "q95": 0.13478319942951203,
      "range": 0.0403125062584877,
      "n": 70
    },
    "levene_stat": 0.0,
    "levene_p": 1.0,
    "variance_ratio": 1.0,
    "dynamic_sharpe_better": false
  }
}