{
  "selfish": {
    "theta": 0.0,
    "reward": {
      "mean": -0.12862955778837204,
      "std": 0.007651706298061321
    },
    "cooperation": {
      "mean": 0.12862955778837204,
      "std": 0.007651706298061321
    },
    "gini": {
      "mean": -0.12967562675476074,
      "std": 0.006249635987708712
    },
    "threshold_clean": {
      "mean": 0.07639056444168091
    },
    "threshold_harvest": {
      "mean": 1.0
    }
  },
  "prosocial": {
    "theta": 0.7853981633974483,
    "reward": {
      "mean": -0.12768555184205374,
      "std": 0.006424690394220251
    },
    "cooperation": {
      "mean": 0.12768555184205374,
      "std": 0.006424690394220251
    },
    "gini": {
      "mean": -0.045907954374949135,
      "std": 0.003753155708422891
    },
    "threshold_clean": {
      "mean": 0.07726035515467326
    },
    "threshold_harvest": {
      "mean": 1.0
    }
  },
  "full_altruist": {
    "theta": 1.5707963267948966,
    "reward": {
      "mean": -0.1267822285493215,
      "std": 0.006551193632612873
    },
    "cooperation": {
      "mean": 0.1267822285493215,
      "std": 0.006551193632612873
    },
    "gini": {
      "mean": -0.033178130785624184,
      "std": 0.005196874979239486
    },
    "threshold_clean": {
      "mean": 0.07906763007243474
    },
    "threshold_harvest": {
      "mean": 1.0
    }
  },
  "comparison": {
    "groups": "selfish vs full_altruist",
    "test": {
      "t_stat": -0.25935667679123936,
      "p_value": 0.8084495077175488,
      "cohens_d": -0.2593563126666971,
      "significant": false
    }
  }
}