{
  "selfish": {
    "theta": 0.0,
    "reward": {
      "mean": -0.02123918291181326,
      "std": 0.0003388458862900734
    },
    "cooperation": {
      "mean": 0.1328125,
      "std": 0.004687502980232239
    },
    "gini": {
      "mean": -0.16877764463424683,
      "std": 0.009622275829315186
    },
    "threshold_clean": {
      "mean": 0.6596139967441559
    },
    "threshold_harvest": {
      "mean": 0.8305783271789551
    }
  },
  "prosocial": {
    "theta": 0.7854,
    "reward": {
      "mean": -0.03003674279898405,
      "std": 0.000479196198284626
    },
    "cooperation": {
      "mean": 0.1328125,
      "std": 0.004687502980232239
    },
    "gini": {
      "mean": -0.0715104341506958,
      "std": 0.0020398497581481934
    },
    "threshold_clean": {
      "mean": 0.6596139967441559
    },
    "threshold_harvest": {
      "mean": 0.8305783271789551
    }
  },
  "altruistic": {
    "theta": 1.5708,
    "reward": {
      "mean": -0.021239101886749268,
      "std": 0.00033884309232234955
    },
    "cooperation": {
      "mean": 0.1328125,
      "std": 0.004687502980232239
    },
    "gini": {
      "mean": -0.05311989784240723,
      "std": 0.006213545799255371
    },
    "threshold_clean": {
      "mean": 0.6596139967441559
    },
    "threshold_harvest": {
      "mean": 0.8305783271789551
    }
  },
  "comparison": {
    "groups": "selfish vs altruistic",
    "test": {
      "t_stat": -0.00016908456239414897,
      "p_value": 0.9998804391601926,
      "cohens_d": -0.00023911462455980154,
      "significant": false
    }
  }
}