{
  "selfish": {
    "meta_comm": {
      "cooperation": 0.01976788967302668,
      "cooperation_std": 0.0008815361028745181,
      "reward": 20.237214676076324,
      "truthfulness": 0.996667375
    },
    "meta_only": {
      "cooperation": 0.01969605149367657,
      "cooperation_std": 0.0007154461994410801,
      "reward": 20.23635261792412,
      "truthfulness": 0.5
    },
    "comm_only": {
      "cooperation": 0.01976788967302668,
      "cooperation_std": 0.0008815361028745181,
      "reward": 20.237214676076324,
      "truthfulness": 0.996667375
    },
    "baseline": {
      "cooperation": 0.01969605149367657,
      "cooperation_std": 0.0007154461994410801,
      "reward": 20.23635261792412,
      "truthfulness": 0.5
    }
  },
  "prosocial": {
    "meta_comm": {
      "cooperation": 0.9758573788395009,
      "cooperation_std": 0.000722792494826601,
      "reward": 31.710288546074015,
      "truthfulness": 0.9860413750000001
    },
    "meta_only": {
      "cooperation": 0.9177844097181385,
      "cooperation_std": 0.0011160901844103847,
      "reward": 31.013412916617664,
      "truthfulness": 0.5
    },
    "comm_only": {
      "cooperation": 0.7809578700914577,
      "cooperation_std": 0.0012630559279676525,
      "reward": 29.371494441097497,
      "truthfulness": 0.993329125
    },
    "baseline": {
      "cooperation": 0.7066809864228821,
      "cooperation_std": 0.0012157503538841419,
      "reward": 28.480171837074586,
      "truthfulness": 0.5
    }
  },
  "cooperative": {
    "meta_comm": {
      "cooperation": 0.9800769492318834,
      "cooperation_std": 0.0006429532971286215,
      "reward": 31.760923390782608,
      "truthfulness": 0.9828745
    },
    "meta_only": {
      "cooperation": 0.979878153742658,
      "cooperation_std": 0.0005928576379928964,
      "reward": 31.7585378449119,
      "truthfulness": 0.5
    },
    "comm_only": {
      "cooperation": 0.936975463240899,
      "cooperation_std": 0.0011297724629654653,
      "reward": 31.243705558890788,
      "truthfulness": 0.9925711249999999
    },
    "baseline": {
      "cooperation": 0.8655561036518711,
      "cooperation_std": 0.001204501455895637,
      "reward": 30.38667324382245,
      "truthfulness": 0.5
    }
  },
  "altruistic": {
    "meta_comm": {
      "cooperation": 0.9800769492318834,
      "cooperation_std": 0.0006429532971286215,
      "reward": 31.760923390782608,
      "truthfulness": 0.9828872499999999
    },
    "meta_only": {
      "cooperation": 0.979878153742658,
      "cooperation_std": 0.0005928576379928964,
      "reward": 31.7585378449119,
      "truthfulness": 0.5
    },
    "comm_only": {
      "cooperation": 0.9800769492318834,
      "cooperation_std": 0.0006429532971286215,
      "reward": 31.760923390782608,
      "truthfulness": 0.982920375
    },
    "baseline": {
      "cooperation": 0.9583472214931913,
      "cooperation_std": 0.0008399703500700581,
      "reward": 31.5001666579183,
      "truthfulness": 0.5
    }
  }
}