{
  "pgg_meta_45_avg": 0.6275111447075601,
  "pgg_base_45_avg": 0.5097970773009196,
  "ipd_meta_avg": 1.0,
  "ipd_base_avg": 0.675,
  "cleanup_meta_avg": 1.0,
  "cleanup_base_avg": 0.6780000000000002
}