{
  "selfish": {
    "cont_meta": {
      "cooperation": 0.09157665385571563,
      "reward": 21.098919846268586
    },
    "cont_base": {
      "cooperation": 0.09157665385571563,
      "reward": 21.098919846268586
    },
    "disc_meta": {
      "cooperation": 0.0,
      "reward": 20.0
    },
    "disc_base": {
      "cooperation": 0.0,
      "reward": 20.0
    }
  },
  "individualist": {
    "cont_meta": {
      "cooperation": 0.3377997211000139,
      "reward": 24.053596653200167
    },
    "cont_base": {
      "cooperation": 0.2595138771950193,
      "reward": 23.11416652634023
    },
    "disc_meta": {
      "cooperation": 0.34329999999999994,
      "reward": 24.1196
    },
    "disc_base": {
      "cooperation": 0.2614,
      "reward": 23.1368
    }
  },
  "prosocial": {
    "cont_meta": {
      "cooperation": 0.9007019341461084,
      "reward": 30.808423209753308
    },
    "cont_base": {
      "cooperation": 0.7047992856199613,
      "reward": 28.457591427439542
    },
    "disc_meta": {
      "cooperation": 0.9194000000000001,
      "reward": 31.0328
    },
    "disc_base": {
      "cooperation": 0.7088,
      "reward": 28.505599999999998
    }
  },
  "cooperative": {
    "cont_meta": {
      "cooperation": 0.9081238155906416,
      "reward": 30.897485787087703
    },
    "cont_base": {
      "cooperation": 0.8633807862455496,
      "reward": 30.360569434946598
    },
    "disc_meta": {
      "cooperation": 1.0,
      "reward": 32.0
    },
    "disc_base": {
      "cooperation": 0.8691000000000001,
      "reward": 30.429199999999998
    }
  },
  "altruistic": {
    "cont_meta": {
      "cooperation": 0.9081142386879119,
      "reward": 30.897370864254945
    },
    "cont_base": {
      "cooperation": 0.9050722896598824,
      "reward": 30.860867475918592
    },
    "disc_meta": {
      "cooperation": 1.0,
      "reward": 32.0
    },
    "disc_base": {
      "cooperation": 0.9661000000000002,
      "reward": 31.593199999999996
    }
  }
}