{
  "full_model": {
    "selfish": {
      "coop_rate_mean": 0.2245,
      "coop_rate_std": 0.015763882770434442,
      "reward_mean": 1.6235,
      "reward_std": 0.04124924241728573,
      "inequality_mean": 0.28500000000000003
    },
    "individualist": {
      "coop_rate_mean": 0.599,
      "coop_rate_std": 0.01861451046898629,
      "reward_mean": 2.437,
      "reward_std": 0.03214809481135707,
      "inequality_mean": 0.24999999999999983
    },
    "competitive": {
      "coop_rate_mean": 0.8965,
      "coop_rate_std": 0.01401784576887617,
      "reward_mean": 2.8885,
      "reward_std": 0.019144189719076544,
      "inequality_mean": 0.09499999999999993
    },
    "prosocial": {
      "coop_rate_mean": 0.974,
      "coop_rate_std": 0.003391164991562647,
      "reward_mean": 2.974,
      "reward_std": 0.0033911649915626665,
      "inequality_mean": 0.1
    },
    "cooperative": {
      "coop_rate_mean": 0.974,
      "coop_rate_std": 0.003391164991562647,
      "reward_mean": 2.974,
      "reward_std": 0.0033911649915626665,
      "inequality_mean": 0.1
    },
    "altruistic": {
      "coop_rate_mean": 0.974,
      "coop_rate_std": 0.003391164991562647,
      "reward_mean": 2.974,
      "reward_std": 0.0033911649915626665,
      "inequality_mean": 0.1
    },
    "full_altruist": {
      "coop_rate_mean": 0.9744999999999999,
      "coop_rate_std": 0.0033166247903554094,
      "reward_mean": 2.9745,
      "reward_std": 0.0033166247903554363,
      "inequality_mean": 0.09500000000000001
    }
  },
  "baseline": {
    "selfish": {
      "coop_rate_mean": 0.2245,
      "coop_rate_std": 0.015763882770434442,
      "reward_mean": 1.6235,
      "reward_std": 0.04124924241728573,
      "inequality_mean": 0.28500000000000003
    },
    "individualist": {
      "coop_rate_mean": 0.4545,
      "coop_rate_std": 0.022102036105300343,
      "reward_mean": 2.1515,
      "reward_std": 0.04273757129271628,
      "inequality_mean": 0.22500000000000003
    },
    "competitive": {
      "coop_rate_mean": 0.7185,
      "coop_rate_std": 0.01647725705328405,
      "reward_mean": 2.6294999999999997,
      "reward_std": 0.027175356483402413,
      "inequality_mean": 0.15500000000000017
    },
    "prosocial": {
      "coop_rate_mean": 0.874,
      "coop_rate_std": 0.013000000000000001,
      "reward_mean": 2.8600000000000003,
      "reward_std": 0.018439088914585695,
      "inequality_mean": 0.1499999999999999
    },
    "cooperative": {
      "coop_rate_mean": 0.9385,
      "coop_rate_std": 0.010793516572461416,
      "reward_mean": 2.9365,
      "reward_std": 0.011247221879202107,
      "inequality_mean": 0.10500000000000007
    },
    "altruistic": {
      "coop_rate_mean": 0.9695,
      "coop_rate_std": 0.005099019513592805,
      "reward_mean": 2.9684999999999997,
      "reward_std": 0.004358898943540591,
      "inequality_mean": 0.10500000000000007
    },
    "full_altruist": {
      "coop_rate_mean": 0.9744999999999999,
      "coop_rate_std": 0.0033166247903554094,
      "reward_mean": 2.9745,
      "reward_std": 0.0033166247903554363,
      "inequality_mean": 0.09500000000000001
    }
  }
}