{
  "init_0.1": {
    "final_meta_fraction_mean": 0.12000000000000002,
    "final_meta_fraction_std": 0.03687817782917155
  },
  "init_0.3": {
    "final_meta_fraction_mean": 0.11100000000000002,
    "final_meta_fraction_std": 0.028089143810376273
  },
  "init_0.5": {
    "final_meta_fraction_mean": 0.12900000000000003,
    "final_meta_fraction_std": 0.029137604568666934
  },
  "init_0.7": {
    "final_meta_fraction_mean": 0.11300000000000002,
    "final_meta_fraction_std": 0.0363455636907725
  },
  "init_0.9": {
    "final_meta_fraction_mean": 0.11500000000000002,
    "final_meta_fraction_std": 0.022022715545545236
  }
}