{
  "cleanup": {
    "selfish": {
      "theta": 0,
      "meta_coop": 0.0,
      "base_coop": 0.0,
      "ate_coop": 0.0,
      "meta_reward": 7.822735009070798e-66,
      "base_reward": 7.822735009070798e-66,
      "ate_reward": 0.0,
      "meta_gini": 0.07288605059803001,
      "base_gini": 0.07288605059803001,
      "ate_gini": 0.0
    },
    "individualist": {
      "theta": 15,
      "meta_coop": 0.027100000000000003,
      "base_coop": 0.2614,
      "ate_coop": -0.2343,
      "meta_reward": 0.0029195238349696276,
      "base_reward": 0.14977162861077026,
      "ate_reward": -0.14685210477580063,
      "meta_gini": 0.11795699953146373,
      "base_gini": 0.13673807875895275,
      "ate_gini": -0.01878107922748902
    },
    "competitive": {
      "theta": 30,
      "meta_coop": 0.0505,
      "base_coop": 0.5062,
      "ate_coop": -0.4557,
      "meta_reward": 0.05887438298302935,
      "base_reward": 0.14957258499232468,
      "ate_reward": -0.09069820200929532,
      "meta_gini": 0.13407417925091503,
      "base_gini": 0.12289486984842383,
      "ate_gini": 0.011179309402491192
    },
    "prosocial": {
      "theta": 45,
      "meta_coop": 0.0673,
      "base_coop": 0.7088,
      "ate_coop": -0.6415,
      "meta_reward": 0.10994891902893293,
      "base_reward": 0.14915511668108408,
      "ate_reward": -0.03920619765215115,
      "meta_gini": 0.13869070137906428,
      "base_gini": 0.11123218704153666,
      "ate_gini": 0.02745851433752762
    },
    "cooperative": {
      "theta": 60,
      "meta_coop": 0.9521,
      "base_coop": 0.8691000000000001,
      "ate_coop": 0.08299999999999985,
      "meta_reward": 0.05539999999999999,
      "base_reward": 0.1384,
      "ate_reward": -0.083,
      "meta_gini": 0.1720504415572369,
      "base_gini": 0.11675849169093108,
      "ate_gini": 0.05529194986630581
    },
    "altruistic": {
      "theta": 75,
      "meta_coop": 0.9970000000000001,
      "base_coop": 0.9661000000000002,
      "ate_coop": 0.030899999999999928,
      "meta_reward": 0.010499999999999999,
      "base_reward": 0.04139999999999999,
      "ate_reward": -0.030899999999999993,
      "meta_gini": 0.6946861783071975,
      "base_gini": 0.29011931566047977,
      "ate_gini": 0.4045668626467177
    },
    "full_altruist": {
      "theta": 90,
      "meta_coop": 1.0,
      "base_coop": 1.0,
      "ate_coop": 0.0,
      "meta_reward": 0.007500000000000002,
      "base_reward": 0.007500000000000002,
      "ate_reward": 0.0,
      "meta_gini": 0.8512089538639064,
      "base_gini": 0.8512089538639064,
      "ate_gini": 0.0
    }
  },
  "ipd": {
    "selfish": {
      "theta": 0,
      "meta_coop": 0.5279999999999999,
      "base_coop": 0.5279999999999999,
      "ate_coop": 0.0,
      "meta_reward": 2.251225,
      "base_reward": 2.251225,
      "ate_reward": 0.0,
      "meta_gini": 0.0,
      "base_gini": 0.0,
      "ate_gini": 0.0
    },
    "individualist": {
      "theta": 15,
      "meta_coop": 0.30700000000000005,
      "base_coop": 0.35200000000000004,
      "ate_coop": -0.044999999999999984,
      "meta_reward": 1.80435,
      "base_reward": 1.896575,
      "ate_reward": -0.092225,
      "meta_gini": 0.0,
      "base_gini": 0.0,
      "ate_gini": 0.0
    },
    "competitive": {
      "theta": 30,
      "meta_coop": 0.191,
      "base_coop": 0.23899999999999996,
      "ate_coop": -0.04799999999999996,
      "meta_reward": 1.500175,
      "base_reward": 1.6257749999999997,
      "ate_reward": -0.1255999999999997,
      "meta_gini": 0.0,
      "base_gini": 0.0,
      "ate_gini": 0.0
    },
    "prosocial": {
      "theta": 45,
      "meta_coop": 0.129,
      "base_coop": 0.179,
      "ate_coop": -0.04999999999999999,
      "meta_reward": 1.3292750000000002,
      "base_reward": 1.4567999999999999,
      "ate_reward": -0.12752499999999967,
      "meta_gini": 0.0,
      "base_gini": 0.0,
      "ate_gini": 0.0
    },
    "cooperative": {
      "theta": 60,
      "meta_coop": 0.11400000000000002,
      "base_coop": 0.144,
      "ate_coop": -0.02999999999999997,
      "meta_reward": 1.288325,
      "base_reward": 1.3573749999999998,
      "ate_reward": -0.06904999999999983,
      "meta_gini": 0.0,
      "base_gini": 0.0,
      "ate_gini": 0.0
    },
    "altruistic": {
      "theta": 75,
      "meta_coop": 0.11400000000000002,
      "base_coop": 0.12200000000000003,
      "ate_coop": -0.008000000000000007,
      "meta_reward": 1.288025,
      "base_reward": 1.3055499999999998,
      "ate_reward": -0.01752499999999979,
      "meta_gini": 0.0,
      "base_gini": 0.0,
      "ate_gini": 0.0
    },
    "full_altruist": {
      "theta": 90,
      "meta_coop": 0.11299999999999999,
      "base_coop": 0.11299999999999999,
      "ate_coop": 0.0,
      "meta_reward": 1.287825,
      "base_reward": 1.287825,
      "ate_reward": 0.0,
      "meta_gini": 0.0,
      "base_gini": 0.0,
      "ate_gini": 0.0
    }
  },
  "pgg": {
    "selfish": {
      "theta": 0,
      "meta_coop": 0.019163236738953652,
      "base_coop": 0.019163236738953652,
      "ate_coop": 0.0,
      "meta_reward": 20.229958840867443,
      "base_reward": 20.229958840867443,
      "ate_reward": 0.0,
      "meta_gini": 0.06676322339147318,
      "base_gini": 0.06676322339147318,
      "ate_gini": 0.0
    },
    "individualist": {
      "theta": 15,
      "meta_coop": 0.335816976564712,
      "base_coop": 0.25817126303395577,
      "ate_coop": 0.07764571353075622,
      "meta_reward": 24.02980371877654,
      "base_reward": 23.098055156407472,
      "ate_reward": 0.9317485623690693,
      "meta_gini": 0.007084913771132384,
      "base_gini": 0.00918239666070888,
      "ate_gini": -0.002097482889576497
    },
    "competitive": {
      "theta": 30,
      "meta_coop": 0.6493522179314349,
      "base_coop": 0.49935221793143497,
      "ate_coop": 0.14999999999999997,
      "meta_reward": 27.79222661517722,
      "base_reward": 25.992226615177223,
      "ate_reward": 1.7999999999999972,
      "meta_gini": 0.0036607099734753622,
      "base_gini": 0.004748947514224699,
      "ate_gini": -0.001088237540749337
    },
    "prosocial": {
      "theta": 45,
      "meta_coop": 0.9176911956233432,
      "base_coop": 0.7064589991179826,
      "ate_coop": 0.21123219650536063,
      "meta_reward": 31.012294347480115,
      "base_reward": 28.47750798941579,
      "ate_reward": 2.5347863580643235,
      "meta_gini": 0.0024904703375476568,
      "base_gini": 0.003357103906097869,
      "ate_gini": -0.0008666335685502125
    },
    "cooperative": {
      "theta": 60,
      "meta_coop": 0.9801889811924814,
      "base_coop": 0.8653196375716312,
      "ate_coop": 0.11486934362085022,
      "meta_reward": 31.762267774309777,
      "base_reward": 30.383835650859574,
      "ate_reward": 1.378432123450203,
      "meta_gini": 0.0013095600119412466,
      "base_gini": 0.00273710821241917,
      "ate_gini": -0.0014275482004779236
    },
    "altruistic": {
      "theta": 75,
      "meta_coop": 0.9801889811924814,
      "base_coop": 0.9585507945036223,
      "ate_coop": 0.021638186688859085,
      "meta_reward": 31.762267774309777,
      "base_reward": 31.502609534043465,
      "ate_reward": 0.2596582402663117,
      "meta_gini": 0.001302952481351749,
      "base_gini": 0.002021179123701633,
      "ate_gini": -0.0007182266423498838
    },
    "full_altruist": {
      "theta": 90,
      "meta_coop": 0.9801889811924814,
      "base_coop": 0.9801889811924814,
      "ate_coop": 0.0,
      "meta_reward": 31.762267774309777,
      "base_reward": 31.762267774309777,
      "ate_reward": 0.0,
      "meta_gini": 0.0013036813700115335,
      "base_gini": 0.001303681370011578,
      "ate_gini": -4.445228907190568e-17
    }
  },
  "harvest": {
    "selfish": {
      "theta": 0,
      "meta_coop": 0.5062,
      "base_coop": 0.0,
      "ate_coop": 0.5062,
      "meta_reward": 0.25115999999999994,
      "base_reward": 0.14999999999999997,
      "ate_reward": 0.10115999999999997,
      "meta_gini": 0.024452371573255794,