{
  "selfish": {
    "theta": 0,
    "meta": {
      "sustainability": 0.0500525,
      "sustainability_std": 0.0007033358017334263,
      "cooperation": 0.5013125,
      "wealth": 78.567
    },
    "baseline": {
      "sustainability": 0.03000000000000001,
      "sustainability_std": 3.469446951953614e-18,
      "cooperation": 0.0,
      "wealth": 48.8499999999997
    }
  },
  "individualist": {
    "theta": 15,
    "meta": {
      "sustainability": 0.0604125,
      "sustainability_std": 0.0005409771252095612,
      "cooperation": 0.7601249999999998,
      "wealth": 93.95499999999998
    },
    "baseline": {
      "sustainability": 0.040565,
      "sustainability_std": 0.00041656332051682137,
      "cooperation": 0.264125,
      "wealth": 64.37900000000003
    }
  },
  "competitive": {
    "theta": 30,
    "meta": {
      "sustainability": 0.26859750000000027,
      "sustainability_std": 0.004812814275452549,
      "cooperation": 0.9535,
      "wealth": 104.4854999999995
    },
    "baseline": {
      "sustainability": 0.0500525,
      "sustainability_std": 0.0007033358017334263,
      "cooperation": 0.5013125,
      "wealth": 78.83899999999997
    }
  },
  "prosocial": {
    "theta": 45,
    "meta": {
      "sustainability": 0.28900250000000033,
      "sustainability_std": 0.0028801573307720555,
      "cooperation": 0.9536250000000001,
      "wealth": 104.37749999999949
    },
    "baseline": {
      "sustainability": 0.05837250000000001,
      "sustainability_std": 0.0005124024297366304,
      "cooperation": 0.7093124999999999,
      "wealth": 91.263
    }
  },
  "cooperative": {
    "theta": 60,
    "meta": {
      "sustainability": 0.5688425000000049,
      "sustainability_std": 0.027433796560993814,
      "cooperation": 0.9550625,
      "wealth": 103.22999999999949
    },
    "baseline": {
      "sustainability": 0.06512375000000001,
      "sustainability_std": 0.0006580142950574875,
      "cooperation": 0.867125,
      "wealth": 100.62599999999985
    }
  },
  "altruistic": {
    "theta": 75,
    "meta": {
      "sustainability": 0.9887599999999999,
      "sustainability_std": 0.007230518653596085,
      "cooperation": 0.9681249999999999,
      "wealth": 99.08549999999951
    },
    "baseline": {
      "sustainability": 0.9887599999999999,
      "sustainability_std": 0.007230518653596085,
      "cooperation": 0.9681249999999999,
      "wealth": 99.08549999999951
    }
  },
  "full_altruist": {
    "theta": 90,
    "meta": {
      "sustainability": 1.0,
      "sustainability_std": 0.0,
      "cooperation": 1.0,
      "wealth": 89.99999999999952
    },
    "baseline": {
      "sustainability": 1.0,
      "sustainability_std": 0.0,
      "cooperation": 1.0,
      "wealth": 89.99999999999952
    }
  }
}