{
  "pure_math": {
    "selfish": {
      "mean_coop": 0.32333333333333336,
      "mean_wealth": 302.0,
      "mean_latency": 0.1,
      "mean_llm_calls": 0.0
    },
    "individualist": {
      "mean_coop": 0.31333333333333335,
      "mean_wealth": 304.831978654688,
      "mean_latency": 0.1,
      "mean_llm_calls": 0.0
    },
    "prosocial": {
      "mean_coop": 0.31333333333333335,
      "mean_wealth": 323.65527270872127,
      "mean_latency": 0.1,
      "mean_llm_calls": 0.0
    },
    "altruistic": {
      "mean_coop": 0.7366666666666666,
      "mean_wealth": 368.39999999999907,
      "mean_latency": 0.1,
      "mean_llm_calls": 0.0
    }
  },
  "pure_llm": {
    "selfish": {
      "mean_coop": 0.2866666666666667,
      "mean_wealth": 299.1104091236195,
      "mean_latency": 50.0,
      "mean_llm_calls": 200.0
    },
    "individualist": {
      "mean_coop": 0.29333333333333333,
      "mean_wealth": 299.62039375749674,
      "mean_latency": 50.0,
      "mean_llm_calls": 200.0
    },
    "prosocial": {
      "mean_coop": 0.26999999999999996,
      "mean_wealth": 319.904182923976,
      "mean_latency": 50.0,
      "mean_llm_calls": 200.0
    },
    "altruistic": {
      "mean_coop": 0.5633333333333332,
      "mean_wealth": 355.04490013684074,
      "mean_latency": 50.0,
      "mean_llm_calls": 200.0
    }
  },
  "hybrid_20": {
    "selfish": {
      "mean_coop": 0.27666666666666667,
      "mean_wealth": 302.25211531201415,
      "mean_latency": 4.940299999999998,
      "mean_llm_calls": 19.4
    },
    "individualist": {
      "mean_coop": 0.3,
      "mean_wealth": 301.53616668233474,
      "mean_latency": 5.065049999999998,
      "mean_llm_calls": 19.9
    },
    "prosocial": {
      "mean_coop": 0.29,
      "mean_wealth": 324.3457196063175,
      "mean_latency": 5.089999999999998,
      "mean_llm_calls": 20.0
    },
    "altruistic": {
      "mean_coop": 0.66,
      "mean_wealth": 363.27509550014145,
      "mean_latency": 5.089999999999998,
      "mean_llm_calls": 20.0
    }
  },
  "hybrid_50": {
    "selfish": {
      "mean_coop": 0.2733333333333333,
      "mean_wealth": 302.86353022685364,
      "mean_latency": 5.813549999999998,
      "mean_llm_calls": 22.9
    },
    "individualist": {
      "mean_coop": 0.28666666666666674,
      "mean_wealth": 306.2148319136889,
      "mean_latency": 6.936299999999998,
      "mean_llm_calls": 27.4
    },
    "prosocial": {
      "mean_coop": 0.28,
      "mean_wealth": 327.5132033720551,
      "mean_latency": 11.976200000000004,
      "mean_llm_calls": 47.6
    },
    "altruistic": {
      "mean_coop": 0.6233333333333333,
      "mean_wealth": 361.6435752244699,
      "mean_latency": 12.575000000000006,
      "mean_llm_calls": 50.0
    }
  },
  "hybrid_100": {
    "selfish": {
      "mean_coop": 0.2733333333333333,
      "mean_wealth": 302.86353022685364,
      "mean_latency": 5.813549999999998,
      "mean_llm_calls": 22.9
    },
    "individualist": {
      "mean_coop": 0.28666666666666674,
      "mean_wealth": 306.2148319136889,
      "mean_latency": 6.936299999999998,
      "mean_llm_calls": 27.4
    },
    "prosocial": {
      "mean_coop": 0.2666666666666667,
      "mean_wealth": 321.6583839358209,
      "mean_latency": 15.818500000000004,
      "mean_llm_calls": 63.0
    },
    "altruistic": {
      "mean_coop": 0.6666666666666666,
      "mean_wealth": 361.7758370873113,
      "mean_latency": 25.050000000000004,
      "mean_llm_calls": 100.0
    }
  }
}