{
  "attributions": {
    "svo": 0.42914749379687417,
    "resource": 0.36844643712018177,
    "momentum": 0.0,
    "social": 0.2024060690829441
  }
}