{
  "selfish": {
    "agreement_rate": 1.0,
    "mean_divergence": 0.013460757780863137,
    "scenario_agreement": {
      "resource_abundant": 1.0,
      "resource_scarce": 1.0,
      "mixed_group": 1.0,
      "crisis": 1.0,
      "stable_cooperation": 1.0
    }
  },
  "individualist": {
    "agreement_rate": 0.952,
    "mean_divergence": 0.03246516683491757,
    "scenario_agreement": {
      "resource_abundant": 0.9787234042553191,
      "resource_scarce": 0.9795918367346939,
      "mixed_group": 1.0,
      "crisis": 0.7560975609756098,
      "stable_cooperation": 1.0
    }
  },
  "competitive": {
    "agreement_rate": 0.868,
    "mean_divergence": 0.041259531799694986,
    "scenario_agreement": {
      "resource_abundant": 0.9361702127659575,
      "resource_scarce": 0.8571428571428571,
      "mixed_group": 0.8888888888888888,
      "crisis": 0.7560975609756098,
      "stable_cooperation": 0.8813559322033898
    }
  },
  "prosocial": {
    "agreement_rate": 0.832,
    "mean_divergence": 0.04600664281516265,
    "scenario_agreement": {
      "resource_abundant": 0.8936170212765957,
      "resource_scarce": 0.8571428571428571,
      "mixed_group": 0.8148148148148148,
      "crisis": 0.7560975609756098,
      "stable_cooperation": 0.8305084745762712
    }
  },
  "cooperative": {
    "agreement_rate": 0.816,
    "mean_divergence": 0.05088749068979115,
    "scenario_agreement": {
      "resource_abundant": 0.8936170212765957,
      "resource_scarce": 0.8367346938775511,
      "mixed_group": 0.7777777777777778,
      "crisis": 0.7560975609756098,
      "stable_cooperation": 0.8135593220338984
    }
  },
  "altruistic": {
    "agreement_rate": 0.812,
    "mean_divergence": 0.049531015391368796,
    "scenario_agreement": {
      "resource_abundant": 0.8936170212765957,
      "resource_scarce": 0.8367346938775511,
      "mixed_group": 0.7777777777777778,
      "crisis": 0.7560975609756098,
      "stable_cooperation": 0.7966101694915254
    }
  }
}