{
  "Cleanup": {
    "selfish": {
      "ate_coop": 0.0,
      "ate_reward": 0.0
    },
    "prosocial": {
      "ate_coop": 0.06784986975038318,
      "ate_reward": -0.06881254076162036
    },
    "altruistic": {
      "ate_coop": 0.07818030706768114,
      "ate_reward": -0.023822437760820936
    }
  },
  "IPD": {
    "selfish": {
      "ate_coop": 0.0,
      "ate_reward": 0.0
    },
    "prosocial": {
      "ate_coop": 0.15619105679451156,
      "ate_reward": -0.24148801987811197
    },
    "altruistic": {
      "ate_coop": 0.17990563489671463,
      "ate_reward": 0.0
    }
  },
  "PGG": {
    "selfish": {
      "ate_coop": 0.0,
      "ate_reward": 0.0
    },
    "prosocial": {
      "ate_coop": 0.18167754903291455,
      "ate_reward": 0.2356930262045822
    },
    "altruistic": {
      "ate_coop": 0.20927600783869493,
      "ate_reward": 0.4235347777687868
    }
  },
  "Harvest": {
    "selfish": {
      "ate_coop": 0.0,
      "ate_reward": 0.0
    },
    "prosocial": {
      "ate_coop": 0.41655700312566385,
      "ate_reward": -0.04471894332926729
    },
    "altruistic": {
      "ate_coop": 0.4801660041912202,
      "ate_reward": 0.023490810189543132
    }
  }
}