{
  "SVO=OFF_Dyn=OFF_SC=OFF": {
    "svo_rotation": false,
    "dynamic_lambda": false,
    "self_control": false,
    "avg_contribution": 0.012100758408937665,
    "avg_payoff": 20.14520910090725,
    "gini": 0.002306081785005986,
    "welfare": 805.8083640362901
  },
  "SVO=OFF_Dyn=OFF_SC=ON": {
    "svo_rotation": false,
    "dynamic_lambda": false,
    "self_control": true,
    "avg_contribution": 0.012100758408937665,
    "avg_payoff": 20.14520910090725,
    "gini": 0.002306081785005986,
    "welfare": 805.8083640362901
  },
  "SVO=OFF_Dyn=ON_SC=OFF": {
    "svo_rotation": false,
    "dynamic_lambda": true,
    "self_control": false,
    "avg_contribution": 0.012100758408937665,
    "avg_payoff": 20.14520910090725,
    "gini": 0.002306081785005986,
    "welfare": 805.8083640362901
  },
  "SVO=OFF_Dyn=ON_SC=ON": {
    "svo_rotation": false,
    "dynamic_lambda": true,
    "self_control": true,
    "avg_contribution": 0.012100758408937665,
    "avg_payoff": 20.14520910090725,
    "gini": 0.002306081785005986,
    "welfare": 805.8083640362901
  },
  "SVO=ON_Dyn=OFF_SC=OFF": {
    "svo_rotation": true,
    "dynamic_lambda": false,
    "self_control": false,
    "avg_contribution": 0.7071848876760095,
    "avg_payoff": 28.48621865211212,
    "gini": 0.002789674021449091,
    "welfare": 1139.4487460844846
  },
  "SVO=ON_Dyn=OFF_SC=ON": {
    "svo_rotation": true,
    "dynamic_lambda": false,
    "self_control": true,
    "avg_contribution": 0.660486931802575,
    "avg_payoff": 27.9258431816309,
    "gini": 0.002845663205822608,
    "welfare": 1117.0337272652364
  },
  "SVO=ON_Dyn=ON_SC=OFF": {
    "svo_rotation": true,
    "dynamic_lambda": true,
    "self_control": false,
    "avg_contribution": 0.9598917576688916,
    "avg_payoff": 31.518701092026703,
    "gini": 0.0015440680339166269,
    "welfare": 1260.748043681068
  },
  "SVO=ON_Dyn=ON_SC=ON": {
    "svo_rotation": true,
    "dynamic_lambda": true,
    "self_control": true,
    "avg_contribution": 0.8843008072025915,
    "avg_payoff": 30.61160968643109,
    "gini": 0.00259595287575235,
    "welfare": 1224.4643874572441
  }
}