{
  "ic_rate": 0.2,
  "ir_rate": 1.0,
  "nash_equilibria": [
    [
      0.0,
      100.0
    ],
    [
      0.02040816326530612,
      102.48163265306123
    ],
    [
      0.04081632653061224,
      104.96326530612245
    ]
  ]
}