{
  "selfish": {
    "meta_welfare": 2.460126145267099e+18,
    "base_welfare": 2.460126145267099e+18,
    "meta_env_ratio": 0.29976333475254646,
    "base_env_ratio": 0.29976333475254646,
    "ate_welfare": 0.0,
    "meta_food_c": 2.12919735827354e+16,
    "meta_env_c": 9112970870998488.0,
    "base_food_c": 2.12919735827354e+16,
    "base_env_c": 9112970870998488.0
  },
  "individualist": {
    "meta_welfare": 1631036491429113.5,
    "base_welfare": 1.92018858581492e+16,
    "meta_env_ratio": 0.4551143140967445,
    "base_env_ratio": 0.40333037778236813,
    "ate_welfare": -1.7570849366720086e+16,
    "meta_food_c": 11405086004828.225,
    "meta_env_c": 9524639886521.75,
    "base_food_c": 145177790326855.28,
    "base_env_c": 98119723762179.94
  },
  "prosocial": {
    "meta_welfare": 9895885330.724522,
    "base_welfare": 3348761741619.448,
    "meta_env_ratio": 0.699911471548152,
    "base_env_ratio": 0.5827124986391018,
    "ate_welfare": -3338865856288.7236,
    "meta_food_c": 40556514.07268397,
    "meta_env_c": 94579853.4258107,
    "base_food_c": 18515073367.63755,
    "base_env_c": 25851611409.450043
  },
  "altruistic": {
    "meta_welfare": 9895885330.724522,
    "base_welfare": 9895885330.724522,
    "meta_env_ratio": 0.699911471548152,
    "base_env_ratio": 0.699911471548152,
    "ate_welfare": 0.0,
    "meta_food_c": 40556514.07268397,
    "meta_env_c": 94579853.4258107,
    "base_food_c": 40556514.07268397,
    "base_env_c": 94579853.4258107
  }
}