{
  "r=1": {
    "selfish": {
      "meta_coop": 0.300179191218149,
      "base_coop": 0.300179191218149,
      "ate": 0.0,
      "meta_wealth": 372252.5882933709
    },
    "prosocial": {
      "meta_coop": 0.7996574950271211,
      "base_coop": 0.6537084344625516,
      "ate": 0.14594906056456958,
      "meta_wealth": 4319658952169.229
    },
    "altruistic": {
      "meta_coop": 0.7996574950271211,
      "base_coop": 0.7996574950271211,
      "ate": 0.0,
      "meta_wealth": 4739167372493.654
    }
  },
  "r=2": {
    "selfish": {
      "meta_coop": 0.3001612074287523,
      "base_coop": 0.3001612074287523,
      "ate": 0.0,
      "meta_wealth": 372044.1921652632
    },
    "prosocial": {
      "meta_coop": 0.7904772709050247,
      "base_coop": 0.6537000537128609,
      "ate": 0.13677721719216385,
      "meta_wealth": 3228467226043.3037
    },
    "altruistic": {
      "meta_coop": 0.7998256643839602,
      "base_coop": 0.7998256643839602,
      "ate": 0.0,
      "meta_wealth": 4715214826124.233
    }
  },
  "r=3": {
    "selfish": {
      "meta_coop": 0.30014744278125727,
      "base_coop": 0.30014744278125727,
      "ate": 0.0,
      "meta_wealth": 371879.0710807176
    },
    "prosocial": {
      "meta_coop": 0.7747317404130587,
      "base_coop": 0.6536916729631703,
      "ate": 0.12104006744988838,
      "meta_wealth": 1969246147004.2585
    },
    "altruistic": {
      "meta_coop": 0.7999473028290485,
      "base_coop": 0.7999473028290485,
      "ate": 0.0,
      "meta_wealth": 4684421420082.562
    }
  },
  "r=5": {
    "selfish": {
      "meta_coop": 0.30012351032292306,
      "base_coop": 0.30012351032292306,
      "ate": 0.0,
      "meta_wealth": 371606.6791293883
    },
    "prosocial": {
      "meta_coop": 0.7429471425885905,
      "base_coop": 0.6536749114637889,
      "ate": 0.08927223112480165,
      "meta_wealth": 721336680854.4266
    },
    "altruistic": {
      "meta_coop": 0.800081464205652,
      "base_coop": 0.800081464205652,
      "ate": 0.0,
      "meta_wealth": 4611743835220.271
    }
  },
  "r=10": {
    "selfish": {
      "meta_coop": 0.3000838074969069,
      "base_coop": 0.3000838074969069,
      "ate": 0.0,
      "meta_wealth": 371078.3152282412
    },
    "prosocial": {
      "meta_coop": 0.6713148676198444,
      "base_coop": 0.6536371980901807,
      "ate": 0.017677669529663653,
      "meta_wealth": 73336237403.18048
    },
    "altruistic": {
      "meta_coop": 0.8000838074969071,
      "base_coop": 0.8000838074969071,
      "ate": 0.0,
      "meta_wealth": 4419091317973.857
    }
  },
  "Full": {
    "selfish": {
      "meta_coop": 0.3000838074969069,
      "base_coop": 0.3000838074969069,
      "ate": 0.0,
      "meta_wealth": 371078.3152282412
    },
    "prosocial": {
      "meta_coop": 0.6713148676198444,
      "base_coop": 0.6536371980901807,
      "ate": 0.017677669529663653,
      "meta_wealth": 73336237403.18048
    },
    "altruistic": {
      "meta_coop": 0.8000838074969071,
      "base_coop": 0.8000838074969071,
      "ate": 0.0,
      "meta_wealth": 4419091317973.857
    }
  }
}