{
  "effect_matrix": {
    "prosocial": {
      "reward": {
        "d": 0.0,
        "p": NaN,
        "full_mean": -0.1585688441991806,
        "base_mean": -0.20110543072223663,
        "full_std": 0.0,
        "base_std": 0.0
      },
      "gini": {
        "d": 0.0,
        "p": NaN,
        "full_mean": -0.07849627733230591,
        "base_mean": -0.12253975868225098,
        "full_std": 0.0,
        "base_std": 0.0
      },
      "cooperation": {
        "d": 0.0,
        "p": NaN,
        "full_mean": 0.13437500596046448,
        "base_mean": 0.13437500596046448,
        "full_std": 0.0,
        "base_std": 0.0
      }
    },
    "cooperative": {
      "reward": {
        "d": 0.0,
        "p": NaN,
        "full_mean": -0.16224707663059235,
        "base_mean": -0.19425295293331146,
        "full_std": 0.0,
        "base_std": 0.0
      },
      "gini": {
        "d": 0.0,
        "p": NaN,
        "full_mean": -0.07197827100753784,
        "base_mean": -0.08948415517807007,
        "full_std": 0.0,
        "base_std": 0.0
      },
      "cooperation": {
        "d": 0.0,
        "p": NaN,
        "full_mean": 0.13437500596046448,
        "base_mean": 0.13437500596046448,
        "full_std": 0.0,
        "base_std": 0.0
      }
    },
    "individualist": {
      "reward": {
        "d": 0.0,
        "p": NaN,
        "full_mean": -0.1546858698129654,
        "base_mean": -0.18181712925434113,
        "full_std": 0.0,
        "base_std": 0.0
      },
      "gini": {
        "d": 0.0,
        "p": NaN,
        "full_mean": -0.18825066089630127,
        "base_mean": -0.20444416999816895,
        "full_std": 0.0,
        "base_std": 0.0
      },
      "cooperation": {
        "d": 0.0,
        "p": NaN,
        "full_mean": 0.140625,
        "base_mean": 0.140625,
        "full_std": 0.0,
        "base_std": 0.0
      }
    }
  },
  "robustness": {
    "prosocial": {
      "reward": {
        "mean": -0.1585688441991806,
        "std": 0.0,
        "cv": 0.0,
        "n_seeds": 1
      },
      "gini": {
        "mean": -0.07849627733230591,
        "std": 0.0,
        "cv": 0.0,
        "n_seeds": 1
      },
      "cooperation": {
        "mean": 0.13437500596046448,
        "std": 0.0,
        "cv": 0.0,
        "n_seeds": 1
      }
    },
    "cooperative": {
      "reward": {
        "mean": -0.16224707663059235,
        "std": 0.0,
        "cv": 0.0,
        "n_seeds": 1
      },
      "gini": {
        "mean": -0.07197827100753784,
        "std": 0.0,
        "cv": 0.0,
        "n_seeds": 1
      },
      "cooperation": {
        "mean": 0.13437500596046448,
        "std": 0.0,
        "cv": 0.0,
        "n_seeds": 1
      }
    },
    "individualist": {
      "reward": {
        "mean": -0.1546858698129654,
        "std": 0.0,
        "cv": 0.0,
        "n_seeds": 1
      },
      "gini": {
        "mean": -0.18825066089630127,
        "std": 0.0,
        "cv": 0.0,
        "n_seeds": 1
      },
      "cooperation": {
        "mean": 0.140625,
        "std": 0.0,
        "cv": 0.0,
        "n_seeds": 1
      }
    }
  }
}