{
  "reward": {
    "dynamic": {
      "mean": -0.16040796041488647,
      "std": 0.0018391162157058716,
      "min": -0.16224707663059235,
      "max": -0.1585688441991806,
      "cv": 0.011465242815562878,
      "sharpe": -87.22013271647451,
      "q5": -0.16206316500902176,
      "q95": -0.15875275582075118,
      "range": 0.003678232431411743,
      "n": 2
    },
    "static": {
      "mean": -0.19767919182777405,
      "std": 0.0034262388944625854,
      "min": -0.20110543072223663,
      "max": -0.19425295293331146,
      "cv": 0.017332319415023008,
      "sharpe": -57.69568261782883,
      "q5": -0.20076280683279038,
      "q95": -0.19459557682275772,
      "range": 0.006852477788925171,
      "n": 2
    },
    "levene_stat": Infinity,
    "levene_p": 0.0,
    "variance_ratio": 3.470698870489811,
    "dynamic_sharpe_better": false
  },
  "gini": {
    "dynamic": {
      "mean": -0.07523727416992188,
      "std": 0.003259003162384033,
      "min": -0.07849627733230591,
      "max": -0.07197827100753784,
      "cv": 0.043316337524717335,
      "sharpe": -23.08597765056605,
      "q5": -0.07817037701606751,
      "q95": -0.07230417132377624,
      "range": 0.006518006324768066,
      "n": 2
    },
    "static": {
      "mean": -0.10601195693016052,
      "std": 0.016527801752090454,
      "min": -0.12253975868225098,
      "max": -0.08948415517807007,
      "cv": 0.1559050717550548,
      "sharpe": -6.414159518627576,
      "q5": -0.12088697850704193,
      "q95": -0.09113693535327912,
      "range": 0.03305560350418091,
      "n": 2
    },
    "levene_stat": Infinity,
    "levene_p": 0.0,
    "variance_ratio": 25.71938775510204,
    "dynamic_sharpe_better": false
  },
  "cooperation": {
    "dynamic": {
      "mean": 0.13437500596046448,
      "std": 0.0,
      "min": 0.13437500596046448,
      "max": 0.13437500596046448,
      "cv": 0.0,
      "sharpe": Infinity,
      "q5": 0.13437500596046448,
      "q95": 0.13437500596046448,
      "range": 0.0,
      "n": 2
    },
    "static": {
      "mean": 0.13437500596046448,
      "std": 0.0,
      "min": 0.13437500596046448,
      "max": 0.13437500596046448,
      "cv": 0.0,
      "sharpe": Infinity,
      "q5": 0.13437500596046448,
      "q95": 0.13437500596046448,
      "range": 0.0,
      "n": 2
    },
    "levene_stat": NaN,
    "levene_p": NaN,
    "variance_ratio": Infinity,
    "dynamic_sharpe_better": false
  }
}