{
  "selfish": {
    "theta": 0.0,
    "reward": {
      "mean": -0.12853027284145355,
      "std": 0.0037054929343672055
    },
    "cooperation": {
      "mean": 0.12853027284145355,
      "std": 0.0037054929343672055
    },
    "gini": {
      "mean": -0.13138854503631592,
      "std": 0.003425494991224703
    },
    "threshold_clean": {
      "mean": 0.07465994507074356
    },
    "threshold_harvest": {
      "mean": 1.0
    }
  },
  "prosocial": {
    "theta": 0.7853981633974483,
    "reward": {
      "mean": -0.13909659683704376,
      "std": 0.005396633240550641
    },
    "cooperation": {
      "mean": 0.1237656220793724,
      "std": 0.004876145940058567
    },
    "gini": {
      "mean": -0.04246646165847778,
      "std": 0.0017908640673712703
    },
    "threshold_clean": {
      "mean": 0.08459990918636322
    },
    "threshold_harvest": {
      "mean": 1.0
    }
  },
  "full_altruist": {
    "theta": 1.5707963267948966,
    "reward": {
      "mean": -0.14463170170783995,
      "std": 0.008062611759773974
    },
    "cooperation": {
      "mean": 0.12306152135133744,
      "std": 0.007010677606147811
    },
    "gini": {
      "mean": -0.014065134525299072,
      "std": 0.0012830874635852906
    },
    "threshold_clean": {
      "mean": 0.0872755229473114
    },
    "threshold_harvest": {
      "mean": 1.0
    }
  },
  "comparison": {
    "groups": "selfish vs full_altruist",
    "test": {
      "t_stat": 3.6291646689277033,
      "p_value": 0.012307861063861926,
      "cohens_d": 2.5662028574891114,
      "significant": true
    }
  }
}