{
  "selfish": {
    "theta": 0.0,
    "reward": {
      "mean": -0.148453027009964,
      "std": 0.0
    },
    "cooperation": {
      "mean": 0.140625,
      "std": 0.0
    },
    "gini": {
      "mean": -0.26085007190704346,
      "std": 0.0
    },
    "threshold_clean": {
      "mean": 0.3690595328807831
    },
    "threshold_harvest": {
      "mean": 0.6414918303489685
    }
  },
  "altruistic": {
    "theta": 1.309,
    "reward": {
      "mean": -0.1645592898130417,
      "std": 0.0
    },
    "cooperation": {
      "mean": 0.13437500596046448,
      "std": 0.0
    },
    "gini": {
      "mean": -0.07952189445495605,
      "std": 0.0
    },
    "threshold_clean": {
      "mean": 0.36905956268310547
    },
    "threshold_harvest": {
      "mean": 0.6414918303489685
    }
  },
  "comparison": {
    "groups": "selfish vs altruistic",
    "test": {
      "t_stat": 0.0,
      "p_value": 1.0,
      "cohens_d": 0.0
    }
  }
}