{
  "selfish": {
    "theta": 0.0,
    "seeds": [
      42
    ],
    "runs": [
      {
        "metrics": {
          "actor_loss": [
            1.1448287963867188,
            0.8547273874282837
          ],
          "cooperation_rate": [
            0.15625,
            0.140625
          ],
          "entropy": [
            2.0749497413635254,
            2.0743296146392822
          ],
          "gini": [
            -0.3017982244491577,
            -0.26085007190704346
          ],
          "reward_mean": [
            -0.1595887988805771,
            -0.148453027009964
          ],
          "reward_std": [
            0.36318421363830566,
            0.34752723574638367
          ],
          "threshold_clean_mean": [
            0.40930962562561035,
            0.3690595328807831
          ],
          "threshold_clean_std": [
            0.12899217009544373,
            0.15729205310344696
          ],
          "threshold_harvest_mean": [
            0.5614919066429138,
            0.6414918303489685
          ],
          "threshold_harvest_std": [
            0.12778981029987335,
            0.12778981029987335
          ],
          "total_loss": [
            2.3062644004821777,
            1.5179260969161987
          ],
          "value_loss": [
            2.364370107650757,
            1.3678838014602661
          ],
          "value_mean": [
            -0.004828744567930698,
            -0.008687503635883331
          ]
        },
        "final_thresholds_mean": {
          "clean": 0.3690595328807831,
          "harvest": 0.6414918303489685
        },
        "elapsed_time": 28.78080439567566
      }
    ]
  },
  "altruistic": {
    "theta": 1.309,
    "seeds": [
      42
    ],
    "runs": [
      {
        "metrics": {
          "actor_loss": [
            1.3762365579605103,
            0.942635178565979
          ],
          "cooperation_rate": [
            0.16250000894069672,
            0.13437500596046448
          ],
          "entropy": [
            2.0755257606506348,
            2.07542085647583
          ],
          "gini": [
            -0.12074577808380127,
            -0.07952189445495605
          ],
          "reward_mean": [
            -0.19271552562713623,
            -0.1645592898130417
          ],
          "reward_std": [
            0.18820233643054962,
            0.18186089396476746
          ],
          "threshold_clean_mean": [
            0.4038096070289612,
            0.36905956268310547
          ],
          "threshold_clean_std": [
            0.12409298121929169,
            0.14611460268497467
          ],
          "threshold_harvest_mean": [
            0.5614919066429138,
            0.6414918303489685
          ],
          "threshold_harvest_std": [
            0.12778981029987335,
            0.12778981029987335
          ],
          "total_loss": [
            2.5548605918884277,
            1.5387474298477173
          ],
          "value_loss": [
            2.39875864982605,
            1.23373281955719
          ],
          "value_mean": [
            0.027147555723786354,
            0.013282586820423603
          ]
        },
        "final_thresholds_mean": {
          "clean": 0.36905956268310547,
          "harvest": 0.6414918303489685
        },
        "elapsed_time": 10.921626329421997
      }
    ]
  }
}