{
  "selfish": {
    "theta": 0.0,
    "seeds": [
      0,
      42
    ],
    "runs": [
      {
        "metrics": {
          "actor_loss": [
            0.20782151818275452,
            0.13538452982902527
          ],
          "cooperation_rate": [
            0.14374999701976776,
            0.12812499701976776
          ],
          "entropy": [
            2.0741004943847656,
            2.0739853382110596
          ],
          "gini": [
            -0.21768087148666382,
            -0.178399920463562
          ],
          "reward_mean": [
            -0.01795905828475952,
            -0.020900337025523186
          ],
          "reward_std": [
            0.035129643976688385,
            0.03341812267899513
          ],
          "threshold_clean_mean": [
            0.5798670053482056,
            0.678367018699646
          ],
          "threshold_clean_std": [
            0.12294098734855652,
            0.13555406033992767
          ],
          "threshold_harvest_mean": [
            0.7025929689407349,
            0.8616771101951599
          ],
          "threshold_harvest_std": [
            0.11467200517654419,
            0.11353424936532974
          ],
          "total_loss": [
            0.22482621669769287,
            0.13307076692581177
          ],
          "value_loss": [
            0.07549139857292175,
            0.036852169781923294
          ],
          "value_mean": [
            -0.1328379213809967,
            -0.2577632963657379
          ]
        },
        "final_thresholds_mean": {
          "clean": 0.678367018699646,
          "harvest": 0.8616769909858704
        },
        "elapsed_time": 2.140791177749634
      },
      {
        "metrics": {
          "actor_loss": [
            0.1727602332830429,
            0.13474392890930176
          ],
          "cooperation_rate": [
            0.16562500596046448,
            0.13750000298023224
          ],
          "entropy": [
            2.0668647289276123,
            2.0646309852600098
          ],
          "gini": [
            -0.23649132251739502,
            -0.15915536880493164
          ],
          "reward_mean": [
            -0.019901294261217117,
            -0.021578028798103333
          ],
          "reward_std": [
            0.03727085515856743,
            0.034361910074949265
          ],
          "threshold_clean_mean": [
            0.5468611121177673,
            0.640860915184021
          ],
          "threshold_clean_std": [
            0.10293225198984146,
            0.11765194684267044
          ],
          "threshold_harvest_mean": [
            0.6414918303489685,
            0.7994796633720398
          ],
          "threshold_harvest_std": [
            0.12778979539871216,
            0.12449805438518524
          ],
          "total_loss": [
            0.17491351068019867,
            0.12953779101371765
          ],
          "value_loss": [
            0.045643843710422516,
            0.030880330130457878
          ],
          "value_mean": [
            0.09517159312963486,
            0.06346369534730911
          ]
        },
        "final_thresholds_mean": {
          "clean": 0.6408609747886658,
          "harvest": 0.7994796633720398
        },
        "elapsed_time": 1.7704224586486816
      }
    ]
  },
  "prosocial": {
    "theta": 0.7854,
    "seeds": [
      0,
      42
    ],
    "runs": [
      {
        "metrics": {
          "actor_loss": [
            0.25874391198158264,
            0.18992848694324493
          ],
          "cooperation_rate": [
            0.14374999701976776,
            0.12812499701976776
          ],
          "entropy": [
            2.0741004943847656,
            2.0739853382110596
          ],
          "gini": [
            -0.10328781604766846,
            -0.06947058439254761
          ],
          "reward_mean": [
            -0.025397947058081627,
            -0.029557546600699425
          ],
          "reward_std": [
            0.028545700013637543,
            0.02809157595038414
          ],
          "threshold_clean_mean": [
            0.5798670053482056,
            0.678367018699646
          ],
          "threshold_clean_std": [
            0.12294098734855652,
            0.13555406033992767
          ],
          "threshold_harvest_mean": [
            0.7025929689407349,
            0.8616771101951599
          ],
          "threshold_harvest_std": [
            0.11467200517654419,
            0.11353424936532974
          ],
          "total_loss": [
            0.2901092767715454,
            0.19794373214244843
          ],
          "value_loss": [
            0.10421277582645416,
            0.057510197162628174
          ],
          "value_mean": [
            -0.1328379213809967,
            -0.2577632963657379
          ]
        },
        "final_thresholds_mean": {
          "clean": 0.678367018699646,
          "harvest": 0.8616769909858704
        },
        "elapsed_time": 1.8235290050506592
      },
      {
        "metrics": {
          "actor_loss": [
            0.23107008635997772,
            0.19005922973155975
          ],
          "cooperation_rate": [
            0.16562500596046448,
            0.13750000298023224
          ],
          "entropy": [
            2.0668647289276123,
            2.0646309852600098
          ],
          "gini": [
            -0.121121346950531,
            -0.073550283908844
          ],
          "reward_mean": [
            -0.028144681826233864,
            -0.030515938997268677
          ],
          "reward_std": [
            0.03020024299621582,
            0.02695336565375328
          ],
          "threshold_clean_mean": [
            0.5468611121177673,
            0.640860915184021
          ],
          "threshold_clean_std": [
            0.10293225198984146,
            0.11765194684267044
          ],
          "threshold_harvest_mean": [
            0.6414918303489685,
            0.7994796633720398
          ],
          "threshold_harvest_std": [
            0.12778979539871216,
            0.12449805438518524
          ],
          "total_loss": [
            0.24597762525081635,
            0.19497284293174744
          ],
          "value_loss": [
            0.07115238159894943,
            0.0511198453605175
          ],
          "value_mean": [
            0.09517159312963486,
            0.06346369534730911
          ]
        },
        "final_thresholds_mean": {
          "clean": 0.6408609747886658,
          "harvest": 0.7994796633720398
        },
        "elapsed_time": 1.8226382732391357
      }
    ]
  },
  "altruistic": {
    "theta": 1.5708,
    "seeds": [
      0,
      42
    ],
    "runs": [
      {
        "metrics": {
          "actor_loss": [
            0.2078210860490799,
            0.13538403809070587
          ],
          "cooperation_rate": [
            0.14374999701976776,
            0.12812499701976776
          ],
          "entropy": [
            2.0741004943847656,
            2.0739853382110596
          ],
          "gini": [
            -0.08506518602371216,
            -0.046906352043151855
          ],
          "reward_mean": [
            -0.0179589856415987,
            -0.020900258794426918
          ],
          "reward_std": [
            0.01822849176824093,
            0.018135979771614075
          ],
          "threshold_clean_mean": [
            0.5798670053482056,
            0.678367018699646
          ],
          "threshold_clean_std": [
            0.12294098734855652,
            0.13555406033992767
          ],
          "threshold_harvest_mean": [
            0.7025929689407349,
            0.8616771101951599
          ],
          "threshold_harvest_std": [
            0.11467200517654419,
            0.11353424936532974
          ],
          "total_loss": [
            0.22400937974452972,
            0.1341453641653061
          ],