{
  "selfish": {
    "theta": 0.0,
    "reward": {
      "mean": -0.012880059890449047,
      "std": 0.00039440557770771816
    },
    "cooperation": {
      "mean": 0.12880045672257742,
      "std": 0.003944027715550501
    },
    "gini": {
      "mean": -0.1331571340560913,
      "std": 0.004761532613509328
    },
    "threshold_clean": {
      "mean": 0.07431248078743617
    },
    "threshold_harvest": {
      "mean": 1.0
    }
  },
  "prosocial": {
    "theta": 0.7853981633974483,
    "reward": {
      "mean": -0.018215126047531765,
      "std": 0.0005577668173880054
    },
    "cooperation": {
      "mean": 0.12880045672257742,
      "std": 0.003944027715550501
    },
    "gini": {
      "mean": -0.06696993112564087,
      "std": 0.002148916787971171
    },
    "threshold_clean": {
      "mean": 0.07431248078743617
    },
    "threshold_harvest": {
      "mean": 1.0
    }
  },
  "full_altruist": {
    "theta": 1.5707963267948966,
    "reward": {
      "mean": -0.012880055233836174,
      "std": 0.00039440683448938247
    },
    "cooperation": {
      "mean": 0.12880045672257742,
      "std": 0.003944027715550501
    },
    "gini": {
      "mean": -0.025735517342885334,
      "std": 0.0036962768177840844
    },
    "threshold_clean": {
      "mean": 0.07431248078743617
    },
    "threshold_harvest": {
      "mean": 1.0
    }
  },
  "comparison": {
    "groups": "selfish vs full_altruist",
    "test": {
      "t_stat": -1.1806641987545027e-05,
      "p_value": 0.9999911450185096,
      "cohens_d": -1.1806342642796892e-05,
      "significant": false
    }
  }
}