{
  "selfish": {
    "meta_reduction": 0.021584687527586546,
    "base_reduction": 0.021584687527586546,
    "meta_temp": 2.655132404655479,
    "base_temp": 2.655132404655479,
    "meta_welfare": 2.0468590250533913,
    "base_welfare": 2.0468590250533913,
    "ate_reduction": 0.0,
    "ate_temp": 0.0,
    "meta_gini": 0.4314687459901504,
    "base_gini": 0.4314687459901504
  },
  "individualist": {
    "meta_reduction": 0.04372349382222822,
    "base_reduction": 0.03764735312178562,
    "meta_temp": 2.64759443941065,
    "base_temp": 2.649970424394731,
    "meta_welfare": 1.607574926937278,
    "base_welfare": 1.7399158572459736,
    "ate_reduction": 0.0060761407004426005,
    "ate_temp": -0.002375984984081203,
    "meta_gini": 0.4041833201525716,
    "base_gini": 0.4144417188306435
  },
  "prosocial": {
    "meta_reduction": 0.06084630967130664,
    "base_reduction": 0.054559745162730544,
    "meta_temp": 2.6379438419487022,
    "base_temp": 2.6422611495410386,
    "meta_welfare": 1.134636804937623,
    "base_welfare": 1.3325265752265076,
    "ate_reduction": 0.006286564508576099,
    "ate_temp": -0.004317307592336395,
    "meta_gini": 0.3378674987618409,
    "base_gini": 0.3734841249277151
  },
  "altruistic": {
    "meta_reduction": 0.06084630967130664,
    "base_reduction": 0.06084630967130664,
    "meta_temp": 2.6379438419487022,
    "base_temp": 2.6379438419487022,
    "meta_welfare": 1.134636804937623,
    "base_welfare": 1.134636804937623,
    "ate_reduction": 0.0,
    "ate_temp": 0.0,
    "meta_gini": 0.3378674987618409,
    "base_gini": 0.3378674987618409
  }
}