{
  "pgg_meta_45_avg": 0.7874048683694326,
  "pgg_base_45_avg": 0.5705077554195743,
  "ipd_meta_avg": 1.0,
  "ipd_base_avg": 0.825,
  "cleanup_meta_avg": 1.0,
  "cleanup_base_avg": 0.688
}