{
  "0.5": {
    "selfish": {
      "meta_welfare": 98.42259070472963,
      "base_welfare": 98.42259070472963,
      "ate_welfare": 0.0,
      "meta_contrib": 1.9664691985747829,
      "base_contrib": 1.9664691985747829
    },
    "individualist": {
      "meta_welfare": 75.22382647841407,
      "base_welfare": 75.22382647841407,
      "ate_welfare": 0.0,
      "meta_contrib": 26.22288223604152,
      "base_contrib": 26.22288223604152
    },
    "prosocial": {
      "meta_welfare": 4.763739018873212,
      "base_welfare": 31.652227163687236,
      "ate_welfare": -26.888488144814026,
      "meta_contrib": 98.03676446438931,
      "base_contrib": 70.72608067605651
    },
    "altruistic": {
      "meta_welfare": 4.777689840076976,
      "base_welfare": 4.777689840076976,
      "ate_welfare": 0.0,
      "meta_contrib": 98.02261025770287,
      "base_contrib": 98.02261025770287
    }
  },
  "0.7": {
    "selfish": {
      "meta_welfare": 99.01062579123457,
      "base_welfare": 99.01062579123457,
      "ate_welfare": 0.0,
      "meta_contrib": 1.9664691985747829,
      "base_contrib": 1.9664691985747829
    },
    "individualist": {
      "meta_welfare": 79.85836189516762,
      "base_welfare": 79.85836189516762,
      "ate_welfare": 0.0,
      "meta_contrib": 26.22288223604152,
      "base_contrib": 26.22288223604152
    },
    "prosocial": {
      "meta_welfare": 17.284988322672795,
      "base_welfare": 41.463497582959874,
      "ate_welfare": -24.17850926028708,
      "meta_contrib": 98.03676446438931,
      "base_contrib": 70.72608067605651
    },
    "altruistic": {
      "meta_welfare": 17.297588458158277,
      "base_welfare": 17.297588458158277,
      "ate_welfare": 0.0,
      "meta_contrib": 98.02261025770287,
      "base_contrib": 98.02261025770287
    }
  },
  "1.0": {
    "selfish": {
      "meta_welfare": 101.96646919857477,
      "base_welfare": 101.96646919857477,
      "ate_welfare": 0.0,
      "meta_contrib": 1.9664691985747829,
      "base_contrib": 1.9664691985747829
    },
    "individualist": {
      "meta_welfare": 126.22288223604153,
      "base_welfare": 126.22288223604153,
      "ate_welfare": 0.0,
      "meta_contrib": 26.22288223604152,
      "base_contrib": 26.22288223604152
    },
    "prosocial": {
      "meta_welfare": 198.0367644643893,
      "base_welfare": 170.7260806760565,
      "ate_welfare": 27.310683788332796,
      "meta_contrib": 98.03676446438931,
      "base_contrib": 70.72608067605651
    },
    "altruistic": {
      "meta_welfare": 198.02261025770287,
      "base_welfare": 198.02261025770287,
      "ate_welfare": 0.0,
      "meta_contrib": 98.02261025770287,
      "base_contrib": 98.02261025770287
    }
  },
  "1.3": {
    "selfish": {
      "meta_welfare": 114.07272010197957,
      "base_welfare": 114.07272010197957,
      "ate_welfare": 0.0,
      "meta_contrib": 1.9664691985747829,
      "base_contrib": 1.9664691985747829
    },
    "individualist": {
      "meta_welfare": 526.4531497769207,
      "base_welfare": 526.4531497769207,
      "ate_welfare": 0.0,
      "meta_contrib": 26.22288223604152,
      "base_contrib": 26.22288223604152
    },
    "prosocial": {
      "meta_welfare": 2511.1436738846883,
      "base_welfare": 1670.915793386061,
      "ate_welfare": 840.2278804986272,
      "meta_contrib": 98.03676446438931,
      "base_contrib": 70.72608067605651
    },
    "altruistic": {
      "meta_welfare": 2510.688570347151,
      "base_welfare": 2510.688570347151,
      "ate_welfare": 0.0,
      "meta_contrib": 98.02261025770287,
      "base_contrib": 98.02261025770287
    }
  }
}