{
  "gnn": {
    "mean_coop": 0.5737999999999999,
    "mean_welfare": 117.9298,
    "coop_std": 0.0017139946842910183
  },
  "avg": {
    "mean_coop": 0.578,
    "mean_welfare": 118.44412000000003,
    "coop_std": 0.0006666666666666376
  }
}