{
  "selfish": {
    "meta_consensus_at": 10.6,
    "base_consensus_at": 10.6,
    "meta_regulation": 4.854521440024259,
    "base_regulation": 4.854521440024259,
    "meta_welfare": 1.1460143778202059,
    "base_welfare": 1.1460143778202059,
    "ate_consensus_speed": 0.0,
    "ate_welfare": 0.0
  },
  "individualist": {
    "meta_consensus_at": 7.4,
    "base_consensus_at": 7.4,
    "meta_regulation": 4.861909807116886,
    "base_regulation": 4.861909807116886,
    "meta_welfare": 1.146320605163855,
    "base_welfare": 1.146320605163855,
    "ate_consensus_speed": 0.0,
    "ate_welfare": 0.0
  },
  "prosocial": {
    "meta_consensus_at": 5.2,
    "base_consensus_at": 5.2,
    "meta_regulation": 4.889410092413608,
    "base_regulation": 4.889410092413608,
    "meta_welfare": 1.1471462806319563,
    "base_welfare": 1.1471462806319563,
    "ate_consensus_speed": 0.0,
    "ate_welfare": 0.0
  },
  "altruistic": {
    "meta_consensus_at": 4.2,
    "base_consensus_at": 4.2,
    "meta_regulation": 4.894675741421401,
    "base_regulation": 4.894675741421401,
    "meta_welfare": 1.1472945491541542,
    "base_welfare": 1.1472945491541542,
    "ate_consensus_speed": 0.0,
    "ate_welfare": 0.0
  }
}