{
  "cleanup": {
    "0.0": {
      "ratio": 0.0,
      "meta_coop": 0.0,
      "base_coop": 0.0,
      "meta_welfare": 55.71637225393922,
      "base_welfare": 55.71637225393922,
      "meta_gini": 0.07288605059803,
      "base_gini": 0.07288605059803
    },
    "0.1": {
      "ratio": 0.1,
      "meta_coop": 0.007400000000000001,
      "base_coop": 0.07110000000000001,
      "meta_welfare": 63.835455513782655,
      "base_welfare": 532.2924900124458,
      "meta_gini": 0.08232864695684361,
      "base_gini": 0.14466848039766383
    },
    "0.2": {
      "ratio": 0.2,
      "meta_coop": 0.014100000000000001,
      "base_coop": 0.14180000000000004,
      "meta_welfare": 76.62184362764859,
      "base_welfare": 636.3716824872224,
      "meta_gini": 0.09772398025732865,
      "base_gini": 0.1875682817582633
    },
    "0.3": {
      "ratio": 0.3,
      "meta_coop": 0.020300000000000002,
      "base_coop": 0.2124,
      "meta_welfare": 95.77144815622755,
      "base_welfare": 641.8013609839154,
      "meta_gini": 0.10577306531023054,
      "base_gini": 0.22818781616716347
    },
    "0.4": {
      "ratio": 0.4,
      "meta_coop": 0.028300000000000002,
      "base_coop": 0.2851,
      "meta_welfare": 130.8699556202454,
      "base_welfare": 643.1775298306936,
      "meta_gini": 0.11492835330133841,
      "base_gini": 0.2628483231959168
    },
    "0.5": {
      "ratio": 0.5,
      "meta_coop": 0.0354,
      "base_coop": 0.35729999999999995,
      "meta_welfare": 188.27153195778664,
      "base_welfare": 643.6212072248318,
      "meta_gini": 0.12947195705528397,
      "base_gini": 0.30384174980890777
    },
    "0.6": {
      "ratio": 0.6,
      "meta_coop": 0.0424,
      "base_coop": 0.42800000000000005,
      "meta_welfare": 255.92921443785932,
      "base_welfare": 643.6144903581594,
      "meta_gini": 0.13606032922425298,
      "base_gini": 0.3283422249413427
    },
    "0.7": {
      "ratio": 0.7,
      "meta_coop": 0.0492,
      "base_coop": 0.4989,
      "meta_welfare": 329.17532642154544,
      "base_welfare": 643.2000987134927,
      "meta_gini": 0.13999583035725777,
      "base_gini": 0.33703096981059966
    },
    "0.8": {
      "ratio": 0.8,
      "meta_coop": 0.055700000000000006,
      "base_coop": 0.5702,
      "meta_welfare": 397.96740762506295,
      "base_welfare": 642.4820154692485,
      "meta_gini": 0.14499416306748092,
      "base_gini": 0.320501881994271
    },
    "0.9": {
      "ratio": 0.9,
      "meta_coop": 0.06139999999999999,
      "base_coop": 0.6397,
      "meta_welfare": 465.68702666912276,
      "base_welfare": 641.1491192480887,
      "meta_gini": 0.14377288692663384,
      "base_gini": 0.2533509733640522
    },
    "1.0": {
      "ratio": 1.0,
      "meta_coop": 0.06720000000000001,
      "base_coop": 0.7081,
      "meta_welfare": 524.6580739513071,
      "base_welfare": 638.9249802192592,
      "meta_gini": 0.1388655233444783,
      "base_gini": 0.10866629493492838
    }
  },
  "pgg": {
    "0.0": {
      "ratio": 0.0,
      "meta_coop": 0.019978311776483737,
      "base_coop": 0.019978311776483737,
      "meta_welfare": 956.5747904383101,
      "base_welfare": 956.5747904383101,
      "meta_gini": 0.08324009439525779,
      "base_gini": 0.08324009439525779
    },
    "0.1": {
      "ratio": 0.1,
      "meta_coop": 0.10959287732264159,
      "base_coop": 0.08853387412802763,
      "meta_welfare": 5227.674056406217,
      "base_welfare": 4255.766042344534,
      "meta_gini": 1.2392122447553484,
      "base_gini": 1.1796668928435743
    },
    "0.2": {
      "ratio": 0.2,
      "meta_coop": 0.19949201611367415,
      "base_coop": 0.15734793969230793,
      "meta_welfare": 9533.452653982524,
      "base_welfare": 7558.829792702001,
      "meta_gini": 1.2060193233185925,
      "base_gini": 1.1728035833309596
    },
    "0.3": {
      "ratio": 0.3,
      "meta_coop": 0.28948979788227824,
      "base_coop": 0.22625926501655386,
      "meta_welfare": 13848.915045388156,
      "base_welfare": 10861.355425172103,
      "meta_gini": 1.0903888036574114,
      "base_gini": 1.0694669899774154
    },
    "0.4": {
      "ratio": 0.4,
      "meta_coop": 0.37931304167093843,
      "base_coop": 0.2949636041248948,
      "meta_welfare": 18148.20714441574,
      "base_welfare": 14158.054677383876,
      "meta_gini": 0.9504751820073146,
      "base_gini": 0.936584920728033
    },
    "0.5": {
      "ratio": 0.5,
      "meta_coop": 0.4691473290115571,
      "base_coop": 0.3637045214703914,
      "meta_welfare": 22468.611766356265,
      "base_welfare": 17455.62149728203,
      "meta_gini": 0.800733760180289,
      "base_gini": 0.7914379685837721
    },
    "0.6": {
      "ratio": 0.6,
      "meta_coop": 0.5588682700399759,
      "base_coop": 0.4323028637115273,
      "meta_welfare": 26767.920529993018,
      "base_welfare": 20751.95195665718,
      "meta_gini": 0.6453307143787708,
      "base_gini": 0.6392245371582462
    },
    "0.7": {
      "ratio": 0.7,
      "meta_coop": 0.648826145495972,
      "base_coop": 0.5011391744056609,
      "meta_welfare": 31070.74318254231,
      "base_welfare": 24051.015824897877,
      "meta_gini": 0.4871960094342017,
      "base_gini": 0.48353996126236154
    },
    "0.8": {
      "ratio": 0.8,
      "meta_coop": 0.7387563410594428,
      "base_coop": 0.5699691875581164,
      "meta_welfare": 35376.427006082675,
      "base_welfare": 27353.845284777133,
      "meta_gini": 0.32720079053771445,
      "base_gini": 0.3254966484497194
    },
    "0.9": {
      "ratio": 0.9,
      "meta_coop": 0.8285278445198523,
      "base_coop": 0.6386201181622516,
      "meta_welfare": 39675.33295993422,
      "base_welfare": 30649.52880961895,
      "meta_gini": 0.16558403080171888,
      "base_gini": 0.16535754152931487
    },
    "1.0": {
      "ratio": 1.0,
      "meta_coop": 0.9183911212536952,
      "base_coop": 0.7073632007543548,
      "meta_welfare": 44027.85675095907,
      "base_welfare": 33947.74393656287,
      "meta_gini": 0.0030858142228360917,
      "base_gini": 0.00410821710971343
    }
  }
}