{
  "performance": {
    "utilitarian": {
      "mean_coop": 1.0,
      "mean_welfare": 147.71484,
      "sustainability": 1.0
    },
    "deontological": {
      "mean_coop": 1.0,
      "mean_welfare": 129.71484,
      "sustainability": 1.0
    },
    "virtue": {
      "mean_coop": 0.6839333333333333,
      "mean_welfare": 118.88640000000001,
      "sustainability": 1.0
    },
    "situational": {
      "mean_coop": 1.0,
      "mean_welfare": 147.71484,
      "sustainability": 1.0
    },
    "selfish": {
      "mean_coop": 0.0,
      "mean_welfare": 102.77616,
      "sustainability": 0.25999999999999995
    }
  },
  "evolution_final": {
    "utilitarian": 0.9960159362549805,
    "deontological": 0.0009960159362549805,
    "virtue": 0.0009960159362549805,
    "situational": 0.0009960159362549805,
    "selfish": 0.0009960159362549805
  }
}