{
  "complete": {
    "meta_coop": 1.0,
    "base_coop": 1.0,
    "ate": 0.0,
    "meta_welfare": 148.02611252316652,
    "convergence": 5.0,
    "lambda_spread": 8.141635513917814e-17
  },
  "small_world": {
    "meta_coop": 1.0,
    "base_coop": 1.0,
    "ate": 0.0,
    "meta_welfare": 148.02611252316652,
    "convergence": 5.0,
    "lambda_spread": 8.141635513917814e-17
  },
  "scale_free": {
    "meta_coop": 1.0,
    "base_coop": 1.0,
    "ate": 0.0,
    "meta_welfare": 148.02611252316652,
    "convergence": 5.0,
    "lambda_spread": 8.141635513917814e-17
  },
  "ring": {
    "meta_coop": 1.0,
    "base_coop": 1.0,
    "ate": 0.0,
    "meta_welfare": 148.02611252316652,
    "convergence": 5.0,
    "lambda_spread": 8.141635513917814e-17
  },
  "random": {
    "meta_coop": 1.0,
    "base_coop": 1.0,
    "ate": 0.0,
    "meta_welfare": 148.02611252316652,
    "convergence": 5.0,
    "lambda_spread": 8.141635513917814e-17
  }
}