{
  "full_model": {
    "selfish": {
      "contrib_r1": 0.020062191161873737,
      "contrib_r10": 0.023957980058634674,
      "avg_contrib": 0.02349828724038567,
      "avg_payoff": 20.281979446884634,
      "gini": 0.010686811467510524,
      "decay_rate": -9.132058758227338e-05,
      "contrib_curves": [
        0.020062191161873737,
        0.022648400661858633,
        0.02608721926655839,
        0.021525406363593166,
        0.028051663843685605,
        0.028441396667808472,
        0.023255994769882667,
        0.02670246568442084,
        0.014250153925540483,
        0.023957980058634674
      ]
    },
    "individualist": {
      "contrib_r1": 0.26057687789277717,
      "contrib_r10": 0.386082734995101,
      "avg_contrib": 0.355137329999059,
      "avg_payoff": 24.261647959988704,
      "gini": 0.016985823517600626,
      "decay_rate": 0.013834997523709081,
      "contrib_curves": [
        0.26057687789277717,
        0.25701183251023313,
        0.33693827249474045,
        0.37127260005090174,
        0.39202678239762867,
        0.39428585841381,
        0.3855269230356572,
        0.3907929524161066,
        0.3768584657836339,
        0.386082734995101
      ]
    },
    "competitive": {
      "contrib_r1": 0.5017578327902563,
      "contrib_r10": 0.7478596501517654,
      "avg_contrib": 0.7111259113969766,
      "avg_payoff": 28.53351093676371,
      "gini": 0.014440683737528085,
      "decay_rate": 0.018369923395291192,
      "contrib_curves": [
        0.5017578327902563,
        0.6457332874407417,
        0.7237797114510991,
        0.7405650343801626,
        0.7560545153387601,
        0.7567341809385026,
        0.7475014224354182,
        0.7526253048783882,
        0.7386481741646715,
        0.7478596501517654
      ]
    },
    "prosocial": {
      "contrib_r1": 0.708864613976804,
      "contrib_r10": 0.9753380889295734,
      "avg_contrib": 0.9411810792514899,
      "avg_payoff": 31.294172951017877,
      "gini": 0.007757177396670053,
      "decay_rate": 0.01761453156692418,
      "contrib_curves": [
        0.708864613976804,
        0.9060311797849353,
        0.9652291551859726,
        0.9756116651514912,
        0.9806585094391878,
        0.9787458514882206,
        0.9733058302237328,
        0.9754253286093265,
        0.9726005697256547,
        0.9753380889295734
      ]
    },
    "cooperative": {
      "contrib_r1": 0.8677832365746951,
      "contrib_r10": 0.9753381258365301,
      "avg_contrib": 0.9623090002590683,
      "avg_payoff": 31.547708003108824,
      "gini": 0.007757169900499973,
      "decay_rate": 0.006876736884433542,
      "contrib_curves": [
        0.8677832365746951,
        0.9478292731399913,
        0.9741411190628779,
        0.9769941645208495,
        0.980888568151175,
        0.9787767249100625,
        0.9733115470337406,
        0.9754264589767704,
        0.9726007843839906,
        0.9753381258365301
      ]
    },
    "altruistic": {
      "contrib_r1": 0.9590321921721034,
      "contrib_r10": 0.9753381426424852,
      "avg_contrib": 0.973808986319451,
      "avg_payoff": 31.68570783583341,
      "gini": 0.00775716671179168,
      "decay_rate": 0.0009520911702932532,
      "contrib_curves": [
        0.9590321921721034,
        0.9673810855769747,
        0.9776999866288119,
        0.9775280153725128,
        0.9809790469511217,
        0.9787897119287855,
        0.9733138810872125,
        0.9754269234577271,
        0.9726008773767767,
        0.9753381426424852
      ]
    },
    "full_altruist": {
      "contrib_r1": 0.9816956416283829,
      "contrib_r10": 0.9753381461942421,
      "avg_contrib": 0.976584564913845,
      "avg_payoff": 31.71901477896614,
      "gini": 0.007757166014468127,
      "decay_rate": -0.0004876798332895351,
      "contrib_curves": [
        0.9816956416283829,
        0.9716078718368977,
        0.9784305747404478,
        0.9776400219707158,
        0.9809986482894656,
        0.9787924463473174,
        0.9733143771676669,
        0.9754270237084463,
        0.972600897254868,
        0.9753381461942421
      ]
    }
  },
  "baseline": {
    "selfish": {
      "contrib_r1": 0.020062191161873737,
      "contrib_r10": 0.021899611342961114,
      "avg_contrib": 0.020167930681562776,
      "avg_payoff": 20.24201516817875,
      "gini": 0.009882090403072922,
      "decay_rate": -0.00019229979955727764,
      "contrib_curves": [
        0.020062191161873737,
        0.019289601614241446,
        0.022108584978624,
        0.017232546182757234,
        0.024258518963487484,
        0.023728169555288007,
        0.018881155037315446,
        0.0233220426864787,
        0.010896885292600602,
        0.021899611342961114
      ]
    },
    "individualist": {
      "contrib_r1": 0.26057687789277717,
      "contrib_r10": 0.26008424300488475,
      "avg_contrib": 0.2589492225849573,
      "avg_payoff": 23.107390671019488,
      "gini": 0.01809732813830032,
      "decay_rate": -0.00042745436802971116,
      "contrib_curves": [
        0.26057687789277717,
        0.25308748270618553,
        0.2638787703213974,
        0.2572501660473535,
        0.26770405012723214,
        0.26373687143939534,
        0.2543002132563882,
        0.2621939232502834,
        0.24667962780367586,
        0.26008424300488475
      ]
    },
    "competitive": {
      "contrib_r1": 0.5017578327902563,
      "contrib_r10": 0.501265197902364,
      "avg_contrib": 0.5001301774824365,
      "avg_payoff": 26.00156212978924,
      "gini": 0.016083770005472495,
      "decay_rate": -0.0004274543680297078,
      "contrib_curves": [
        0.5017578327902563,
        0.4942684376036648,
        0.5050597252188765,
        0.4984311209448327,
        0.5088850050247113,
        0.5049178263368745,
        0.4954811681538672,
        0.5033748781477625,
        0.4878605827011551,
        0.501265197902364
      ]
    },
    "prosocial": {
      "contrib_r1": 0.708864613976804,
      "contrib_r10": 0.7083719790889115,
      "avg_contrib": 0.707236958668984,
      "avg_payoff": 28.48684350402781,
      "gini": 0.014681123852271726,
      "decay_rate": -0.0004274543680297106,
      "contrib_curves": [
        0.708864613976804,
        0.7013752187902121,
        0.7121665064054241,
        0.7055379021313803,
        0.7159917862112588,
        0.712024607523422,
        0.7025879493404148,
        0.7104816593343102,
        0.6949673638877025,
        0.7083719790889115
      ]
    },
    "cooperative": {
      "contrib_r1": 0.8677832365746951,
      "contrib_r10": 0.8672906016868026,
      "avg_contrib": 0.8661435607999577,
      "avg_payoff": 30.393722729599496,
      "gini": 0.013760330769621246,
      "decay_rate": -0.0004238118022971722,
      "contrib_curves": [
        0.8677832365746951,
        0.8602938413881033,
        0.8709649243341417,
        0.8644565247292713,
        0.8749104088091499,
        0.8709432301213132,
        0.8615065719383059,
        0.8694002819322012,
        0.8538859864855937,
        0.8672906016868026
      ]
    },
    "altruistic": {
      "contrib_r1": 0.9590321921721034,
      "contrib_r10": 0.9586622290291869,
      "avg_contrib": 0.95821125490034,
      "avg_payoff": 31.498535058804084,
      "gini": 0.010367358681958127,
      "decay_rate": -0.0002960660800451411,
      "contrib_curves": [
        0.9590321921721034,
        0.9524418221277637,
        0.9614170733059995,
        0.9599688133438742,
        0.9648446346226592,
        0.9618949696454356,
        0.9549039196933269,
        0.957913516504675,
        0.9510333785583761,
        0.9586622290291869
      ]
    },
    "full_altruist": {
      "contrib_r1": 0.9816956416283829,
      "contrib_r10": 0.979365586559403,
      "avg_contrib": 0.9799622468008738,
      "avg_payoff": 31.759546961610493,
      "gini": 0.006858399595111503,
      "decay_rate": -0.0002351545684724172,