{
  "selfish": {
    "mean_human_contrib": 28.255000000000003,
    "mean_ai_contrib": 1.4400000000000002,
    "mean_payoff": 1728.075
  },
  "prosocial": {
    "mean_human_contrib": 47.275000000000006,
    "mean_ai_contrib": 56.114999999999995,
    "mean_payoff": 2995.0800000000004
  },
  "meta_ranking": {
    "mean_human_contrib": 47.425,
    "mean_ai_contrib": 55.779999999999994,
    "mean_payoff": 2984.3850000000007
  }
}