{
  "selfish": {
    "mean_human_contrib": 28.330000000000002,
    "mean_ai_contrib": 1.85,
    "mean_payoff": 1738.3200000000002
  },
  "prosocial": {
    "mean_human_contrib": 47.239999999999995,
    "mean_ai_contrib": 55.36,
    "mean_payoff": 2975.0800000000004
  },
  "meta_ranking": {
    "mean_human_contrib": 47.51,
    "mean_ai_contrib": 56.23,
    "mean_payoff": 2995.6000000000004
  }
}