{
  "results": {
    "20": {
      "selfish": {
        "meta_coop": 0.0,
        "base_coop": 0.0,
        "ate": 0.0,
        "meta_gini": 0.06233156817541069,
        "base_gini": 0.06233156817541069,
        "meta_wealth_std": 26.891051569657076
      },
      "individualist": {
        "meta_coop": 0.0,
        "base_coop": 0.001666666666666667,
        "ate": -0.001666666666666667,
        "meta_gini": 0.012743537343171971,
        "base_gini": 0.009605327529509433,
        "meta_wealth_std": 44.25106323282308
      },
      "prosocial": {
        "meta_coop": 1.0,
        "base_coop": 1.0,
        "ate": 0.0,
        "meta_gini": 0.00270922989389465,
        "base_gini": 0.003607533778254132,
        "meta_wealth_std": 44.393694595792184
      },
      "altruistic": {
        "meta_coop": 1.0,
        "base_coop": 1.0,
        "ate": 0.0,
        "meta_gini": 0.0025622195685396083,
        "base_gini": 0.0025622195685396083,
        "meta_wealth_std": 44.393694595792574
      }
    },
    "50": {
      "selfish": {
        "meta_coop": 0.0,
        "base_coop": 0.0,
        "ate": 0.0,
        "meta_gini": 0.054506876987248785,
        "base_gini": 0.054506876987248785,
        "meta_wealth_std": 23.3296136720986
      },
      "individualist": {
        "meta_coop": 0.0,
        "base_coop": 0.0009333333333333332,
        "ate": -0.0009333333333333332,
        "meta_gini": 0.013015549910059068,
        "base_gini": 0.009807952767460777,
        "meta_wealth_std": 42.62229019470588
      },
      "prosocial": {
        "meta_coop": 1.0,
        "base_coop": 1.0,
        "ate": 0.0,
        "meta_gini": 0.0027668070624715067,
        "base_gini": 0.0036840776084701445,
        "meta_wealth_std": 42.68905900388213
      },
      "altruistic": {
        "meta_coop": 1.0,
        "base_coop": 1.0,
        "ate": 0.0,
        "meta_gini": 0.002616638280005293,
        "base_gini": 0.002616638280005293,
        "meta_wealth_std": 42.68905900388195
      }
    },
    "100": {
      "selfish": {
        "meta_coop": 0.0,
        "base_coop": 0.0,
        "ate": 0.0,
        "meta_gini": 0.05601587641237388,
        "base_gini": 0.05601587641237388,
        "meta_wealth_std": 24.281380787436632
      },
      "individualist": {
        "meta_coop": 0.0,
        "base_coop": 0.0009333333333333334,
        "ate": -0.0009333333333333334,
        "meta_gini": 0.012842615273482896,
        "base_gini": 0.009697286140286485,
        "meta_wealth_std": 43.25487100683135
      },
      "prosocial": {
        "meta_coop": 1.0,
        "base_coop": 1.0,
        "ate": 0.0,
        "meta_gini": 0.002739743436715544,
        "base_gini": 0.003645428451712152,
        "meta_wealth_std": 43.47575383897121
      },
      "altruistic": {
        "meta_coop": 1.0,
        "base_coop": 1.0,
        "ate": 0.0,
        "meta_gini": 0.002589548745854554,
        "base_gini": 0.002589548745854554,
        "meta_wealth_std": 43.47575383897127
      }
    },
    "200": {
      "selfish": {
        "meta_coop": 0.0,
        "base_coop": 0.0,
        "ate": 0.0,
        "meta_gini": 0.05774445563252377,
        "base_gini": 0.05774445563252377,
        "meta_wealth_std": 24.64596711593941
      },
      "individualist": {
        "meta_coop": 0.0,
        "base_coop": 0.0010999999999999998,
        "ate": -0.0010999999999999998,
        "meta_gini": 0.01259699547931951,
        "base_gini": 0.009521902297835793,
        "meta_wealth_std": 41.710125728879774
      },
      "prosocial": {
        "meta_coop": 1.0,
        "base_coop": 1.0,
        "ate": 0.0,
        "meta_gini": 0.002690452189868052,
        "base_gini": 0.003579693520855725,
        "meta_wealth_std": 41.89584435133197
      },
      "altruistic": {
        "meta_coop": 1.0,
        "base_coop": 1.0,
        "ate": 0.0,
        "meta_gini": 0.002542877675761688,
        "base_gini": 0.002542877675761688,
        "meta_wealth_std": 41.895844351331974
      }
    },
    "500": {
      "selfish": {
        "meta_coop": 0.0,
        "base_coop": 0.0,
        "ate": 0.0,
        "meta_gini": 0.05659553255589537,
        "base_gini": 0.05659553255589537,
        "meta_wealth_std": 24.27634146866267
      },
      "individualist": {
        "meta_coop": 0.0,
        "base_coop": 0.0008800000000000002,
        "ate": -0.0008800000000000002,
        "meta_gini": 0.012346983554076704,
        "base_gini": 0.009338578572004558,
        "meta_wealth_std": 41.110213623425956
      },
      "prosocial": {
        "meta_coop": 1.0,
        "base_coop": 1.0,
        "ate": 0.0,
        "meta_gini": 0.0026386068744317977,
        "base_gini": 0.0035107479850190458,
        "meta_wealth_std": 41.28076866135599
      },
      "altruistic": {
        "meta_coop": 1.0,
        "base_coop": 1.0,
        "ate": 0.0,
        "meta_gini": 0.002493898096440887,
        "base_gini": 0.002493898096440887,
        "meta_wealth_std": 41.280768661355935
      }
    },
    "1000": {
      "selfish": {
        "meta_coop": 0.0,
        "base_coop": 0.0,
        "ate": 0.0,
        "meta_gini": 0.05685707555518216,
        "base_gini": 0.05685707555518216,
        "meta_wealth_std": 24.48005166728537
      },
      "individualist": {
        "meta_coop": 0.0,
        "base_coop": 0.0010600000000000002,
        "ate": -0.0010600000000000002,
        "meta_gini": 0.01251379293974438,
        "base_gini": 0.00947705035416773,
        "meta_wealth_std": 41.69151508753545
      },
      "prosocial": {
        "meta_coop": 1.0,
        "base_coop": 1.0,
        "ate": 0.0,
        "meta_gini": 0.0026779926706680716,
        "base_gini": 0.0035631355928473713,
        "meta_wealth_std": 41.948847189082265
      },
      "altruistic": {
        "meta_coop": 1.0,
        "base_coop": 1.0,
        "ate": 0.0,
        "meta_gini": 0.0025311532232478676,
        "base_gini": 0.0025311532232478676,
        "meta_wealth_std": 41.94884718908234
      }
    }
  },
  "benchmarks": {
    "20": {
      "time_sec": 0.3418118953704834,
      "time_per_agent_ms": 17.09059476852417
    },
    "50": {
      "time_sec": 0.31140589714050293,
      "time_per_agent_ms": 6.228117942810059
    },
    "100": {
      "time_sec": 0.33890581130981445,
      "time_per_agent_ms": 3.3890581130981445
    },
    "200": {
      "time_sec": 0.3322019577026367,
      "time_per_agent_ms": 1.6610097885131836
    },
    "500": {
      "time_sec": 0.43938636779785156,
      "time_per_agent_ms": 0.8787727355957031
    },
    "1000": {
      "time_sec": 0.6153833866119385,
      "time_per_agent_ms": 0.6153833866119385
    }
  },
  "sii": {
    "20": {
      "selfish": 1.0,
      "individualist": 1.0000060000360003,
      "prosocial": 1.0,
      "altruistic": 1.0
    },
    "50": {
      "selfish": 1.0,
      "individualist": 0.5600033600201599,
      "prosocial": 1.0,
      "altruistic": 1.0
    },
    "100": {
      "selfish": 1.0,
      "individualist": 0.56000336002016,
      "prosocial": 1.0,
      "altruistic": 1.0
    },
    "200": {
      "selfish": 1.0,
      "individualist": 0.6600039600237599,
      "prosocial": 1.0,
      "altruistic": 1.0
    },
    "500": {
      "selfish": 1.0,
      "individualist": 0.5280031680190082,
      "prosocial": 1.0,
      "altruistic": 1.0
    },
    "1000": {
      "selfish": 1.0,
      "individualist": 0.6360038160228961,
      "prosocial": 1.0,
      "altruistic": 1.0
    }
  }
}