{
  "selfish": {
    "meta_deaths_prevented": 2014126.410847667,
    "base_deaths_prevented": 2014126.410847667,
    "meta_fairness": 0.0,
    "base_fairness": 0.0,
    "ate_deaths": 0.0,
    "ate_fairness": 0.0
  },
  "individualist": {
    "meta_deaths_prevented": 2007766.9551766529,
    "base_deaths_prevented": 1979367.286101381,
    "meta_fairness": 0.0,
    "base_fairness": 0.0,
    "ate_deaths": 28399.669075271813,
    "ate_fairness": 0.0
  },
  "prosocial": {
    "meta_deaths_prevented": 1980660.21241575,
    "base_deaths_prevented": 1950901.96698862,
    "meta_fairness": 0.0,
    "base_fairness": 0.0,
    "ate_deaths": 29758.24542712979,
    "ate_fairness": 0.0
  },
  "altruistic": {
    "meta_deaths_prevented": 1939292.5357581857,
    "base_deaths_prevented": 1906012.793071974,
    "meta_fairness": 0.0,
    "base_fairness": 0.0,
    "ate_deaths": 33279.7426862116,
    "ate_fairness": 0.0
  }
}