{
  "selfish": {
    "theta": 0.0,
    "reward": {
      "mean": -0.12666015575329462,
      "std": 0.006549431642702021
    },
    "cooperation": {
      "mean": 0.12666015575329462,
      "std": 0.006549431642702021
    },
    "gini": {
      "mean": -0.1317413846651713,
      "std": 0.004262792755493137
    },
    "threshold_clean": {
      "mean": 0.07780204961697261
    },
    "threshold_harvest": {
      "mean": 1.0
    }
  },
  "prosocial": {
    "theta": 0.7853981633974483,
    "reward": {
      "mean": -0.17879093190034231,
      "std": 0.007638990067387597
    },
    "cooperation": {
      "mean": 0.12642415861288706,
      "std": 0.005401577210813352
    },
    "gini": {
      "mean": -0.06666694084803264,
      "std": 0.002809245811047647
    },
    "threshold_clean": {
      "mean": 0.07804163545370102
    },
    "threshold_harvest": {
      "mean": 1.0
    }
  },
  "full_altruist": {
    "theta": 1.5707963267948966,
    "reward": {
      "mean": -0.12449602534373601,
      "std": 0.005352627702101038
    },
    "cooperation": {
      "mean": 0.12449544668197632,
      "std": 0.005352581378733732
    },
    "gini": {
      "mean": -0.025152583916982014,
      "std": 0.002661085516082676
    },
    "threshold_clean": {
      "mean": 0.08208848784367244
    },
    "threshold_harvest": {
      "mean": 1.0
    }
  },
  "comparison": {
    "groups": "selfish vs full_altruist",
    "test": {
      "t_stat": -0.3618317920813847,
      "p_value": 0.7364695967273598,
      "cohens_d": -0.3618311871177176,
      "significant": false
    }
  }
}