{
  "selfish": {
    "theta": 0.0,
    "reward": {
      "mean": -0.12434082180261612,
      "std": 0.010409315839790333
    },
    "cooperation": {
      "mean": 0.12434082180261612,
      "std": 0.010409315839790333
    },
    "gini": {
      "mean": -0.1305944323539734,
      "std": 0.005505636273516289
    },
    "threshold_clean": {
      "mean": 0.09163108170032501
    },
    "threshold_harvest": {
      "mean": 1.0
    }
  },
  "individualist": {
    "theta": 0.2617993877991494,
    "reward": {
      "mean": -0.1308606192469597,
      "std": 0.008114515682840148
    },
    "cooperation": {
      "mean": 0.12519042938947678,
      "std": 0.0078122006219268035
    },
    "gini": {
      "mean": -0.09517056941986084,
      "std": 0.00376422321258889
    },
    "threshold_clean": {
      "mean": 0.08457490056753159
    },
    "threshold_harvest": {
      "mean": 1.0
    }
  },
  "competitive": {
    "theta": 0.5235987755982988,
    "reward": {
      "mean": -0.1371449798345566,
      "std": 0.006919333239626095
    },
    "cooperation": {
      "mean": 0.1261181652545929,
      "std": 0.006440750382104456
    },
    "gini": {
      "mean": -0.06596451997756958,
      "std": 0.0028731989413425764
    },
    "threshold_clean": {
      "mean": 0.08074367195367813
    },
    "threshold_harvest": {
      "mean": 1.0
    }
  },
  "prosocial": {
    "theta": 0.7853981633974483,
    "reward": {
      "mean": -0.1427496165037155,
      "std": 0.006554038120782502
    },
    "cooperation": {
      "mean": 0.12706054747104645,
      "std": 0.005930809004464063
    },
    "gini": {
      "mean": -0.04513881206512451,
      "std": 0.0036429909745788053
    },
    "threshold_clean": {
      "mean": 0.07871555238962173
    },
    "threshold_harvest": {
      "mean": 1.0
    }
  },
  "cooperative": {
    "theta": 1.0471975511965976,
    "reward": {
      "mean": -0.14751907289028168,
      "std": 0.0063876191775065864
    },
    "cooperation": {
      "mean": 0.12816406339406966,
      "std": 0.005653879391590583
    },
    "gini": {
      "mean": -0.033049941062927246,
      "std": 0.004533272363898177
    },
    "threshold_clean": {
      "mean": 0.07698744982481003
    },
    "threshold_harvest": {
      "mean": 1.0
    }
  },
  "altruistic": {
    "theta": 1.3089969389957472,
    "reward": {
      "mean": -0.15047141015529633,
      "std": 0.007032278685553814
    },
    "cooperation": {
      "mean": 0.12879394739866257,
      "std": 0.006143086655234802
    },
    "gini": {
      "mean": -0.02966524362564087,
      "std": 0.004611047245243524
    },
    "threshold_clean": {
      "mean": 0.07574370205402374
    },
    "threshold_harvest": {
      "mean": 1.0
    }
  },
  "full_altruist": {
    "theta": 1.5707963267948966,
    "reward": {
      "mean": -0.15158646702766418,
      "std": 0.007206513580988084
    },
    "cooperation": {
      "mean": 0.12910156548023224,
      "std": 0.00626834164103845
    },
    "gini": {
      "mean": -0.029385602474212645,
      "std": 0.005285045999497895
    },
    "threshold_clean": {
      "mean": 0.07547182589769363
    },
    "threshold_harvest": {
      "mean": 1.0
    }
  },
  "comparison": {
    "groups": "selfish vs full_altruist",
    "test": {
      "t_stat": 4.304046969650394,
      "p_value": 0.003413627465244146,
      "cohens_d": 3.043417399196119,
      "significant": true
    }
  }
}