{
  "selfish": {
    "theta": 0.0,
    "reward": {
      "mean": -0.12433593869209289,
      "std": 0.010417345786805459
    },
    "cooperation": {
      "mean": 0.12433593869209289,
      "std": 0.010417345786805459
    },
    "gini": {
      "mean": -0.13057193756103516,
      "std": 0.005513685135798227
    },
    "threshold_clean": {
      "mean": 0.09169358164072036
    },
    "threshold_harvest": {
      "mean": 1.0
    }
  },
  "individualist": {
    "theta": 0.2617993877991494,
    "reward": {
      "mean": -0.15332632660865783,
      "std": 0.009562757776652567
    },
    "cooperation": {
      "mean": 0.1251904308795929,
      "std": 0.007807956105611789
    },
    "gini": {
      "mean": -0.10287243127822876,
      "std": 0.004088608999787718
    },
    "threshold_clean": {
      "mean": 0.08454051911830902
    },
    "threshold_harvest": {
      "mean": 1.0
    }
  },
  "competitive": {
    "theta": 0.5235987755982988,
    "reward": {
      "mean": -0.17227393984794617,
      "std": 0.0088059681816974
    },
    "cooperation": {
      "mean": 0.12611328512430192,
      "std": 0.0064464167108278835
    },
    "gini": {
      "mean": -0.08285391330718994,
      "std": 0.0033076174754439885
    },
    "threshold_clean": {
      "mean": 0.08077804148197174
    },
    "threshold_harvest": {
      "mean": 1.0
    }
  },
  "prosocial": {
    "theta": 0.7853981633974483,
    "reward": {
      "mean": -0.17969766557216643,
      "std": 0.00840398434171831
    },
    "cooperation": {
      "mean": 0.12706543505191803,
      "std": 0.005942519813446668
    },
    "gini": {
      "mean": -0.06681194305419921,
      "std": 0.003640943082129874
    },
    "threshold_clean": {
      "mean": 0.07874055355787277
    },
    "threshold_harvest": {
      "mean": 1.0
    }
  },
  "cooperative": {
    "theta": 1.0471975511965976,
    "reward": {
      "mean": -0.17508203983306886,
      "std": 0.007762034857288551
    },
    "cooperation": {
      "mean": 0.12816894799470901,
      "std": 0.0056822062082736635
    },
    "gini": {
      "mean": -0.05064280033111572,
      "std": 0.00371890596643719
    },
    "threshold_clean": {
      "mean": 0.07698431015014648
    },
    "threshold_harvest": {
      "mean": 1.0
    }
  },
  "altruistic": {
    "theta": 1.3089969389957472,
    "reward": {
      "mean": -0.1577217996120453,
      "std": 0.007500043324042375
    },
    "cooperation": {
      "mean": 0.1287792980670929,
      "std": 0.006123762747203336
    },
    "gini": {
      "mean": -0.036599469184875486,
      "std": 0.004073358012950718
    },
    "threshold_clean": {
      "mean": 0.07576555460691452
    },
    "threshold_harvest": {
      "mean": 1.0
    }
  },
  "full_altruist": {
    "theta": 1.5707963267948966,
    "reward": {
      "mean": -0.1290966808795929,
      "std": 0.006268520470571272
    },
    "cooperation": {
      "mean": 0.1290966808795929,
      "std": 0.006268520470571272
    },
    "gini": {
      "mean": -0.030788981914520265,
      "std": 0.005235488229359769
    },
    "threshold_clean": {
      "mean": 0.07548743337392808
    },
    "threshold_harvest": {
      "mean": 1.0
    }
  },
  "comparison": {
    "groups": "selfish vs full_altruist",
    "test": {
      "t_stat": 0.7831496455172567,
      "p_value": 0.4608669197119568,
      "cohens_d": 0.5537697808830444,
      "significant": false
    }
  }
}