{
  "timestamp": 1771027136,
  "scale": "medium",
  "config_override": {
    "USE_META_RANKING": false
  },
  "svo_conditions": 7,
  "seeds": [
    0,
    42,
    123,
    256,
    999
  ],
  "total_runs": 35,
  "eval_summary": {
    "selfish": {
      "reward": {
        "mean": -0.12433593869209289,
        "std": 0.010417345786805459
      },
      "cooperation": {
        "mean": 0.12433593869209289,
        "std": 0.010417345786805459
      },
      "gini": {
        "mean": -0.13057193756103516,
        "std": 0.005513685135798227
      }
    },
    "individualist": {
      "reward": {
        "mean": -0.15332632660865783,
        "std": 0.009562757776652567
      },
      "cooperation": {
        "mean": 0.1251904308795929,
        "std": 0.007807956105611789
      },
      "gini": {
        "mean": -0.10287243127822876,
        "std": 0.004088608999787718
      }
    },
    "competitive": {
      "reward": {
        "mean": -0.17227393984794617,
        "std": 0.0088059681816974
      },
      "cooperation": {
        "mean": 0.12611328512430192,
        "std": 0.0064464167108278835
      },
      "gini": {
        "mean": -0.08285391330718994,
        "std": 0.0033076174754439885
      }
    },
    "prosocial": {
      "reward": {
        "mean": -0.17969766557216643,
        "std": 0.00840398434171831
      },
      "cooperation": {
        "mean": 0.12706543505191803,
        "std": 0.005942519813446668
      },
      "gini": {
        "mean": -0.06681194305419921,
        "std": 0.003640943082129874
      }
    },
    "cooperative": {
      "reward": {
        "mean": -0.17508203983306886,
        "std": 0.007762034857288551
      },
      "cooperation": {
        "mean": 0.12816894799470901,
        "std": 0.0056822062082736635
      },
      "gini": {
        "mean": -0.05064280033111572,
        "std": 0.00371890596643719
      }
    },
    "altruistic": {
      "reward": {
        "mean": -0.1577217996120453,
        "std": 0.007500043324042375
      },
      "cooperation": {
        "mean": 0.1287792980670929,
        "std": 0.006123762747203336
      },
      "gini": {
        "mean": -0.036599469184875486,
        "std": 0.004073358012950718
      }
    },
    "full_altruist": {
      "reward": {
        "mean": -0.1290966808795929,
        "std": 0.006268520470571272
      },
      "cooperation": {
        "mean": 0.1290966808795929,
        "std": 0.006268520470571272
      },
      "gini": {
        "mean": -0.030788981914520265,
        "std": 0.005235488229359769
      }
    }
  },
  "causal_summary": {
    "H1_svo_reward": {
      "ate": -0.0035306849661778336,
      "p_value": 0.6377907815439436,
      "significant": false,
      "cohens_f2": 0.01254953772014984,
      "effect_label": "small"
    },
    "H2_svo_cooperation": {
      "ate": 0.0032079666590723293,
      "p_value": 0.18405045650341534,
      "significant": false,
      "cohens_f2": null,
      "effect_label": null
    },
    "H3_svo_gini": {
      "ate": 0.06331264179087287,
      "p_value": 0.0,
      "significant": true,
      "cohens_f2": 21.494315028889073,
      "effect_label": "large"
    }
  },
  "monotonicity": {
    "spearman_reward": {
      "rho": -0.053750866618733746,
      "p": 0.7590964963453598,
      "significant": false,
      "direction": "negative"
    },
    "spearman_gini": {
      "rho": 0.9844895570168075,
      "p": 1.5932868076423792e-26,
      "significant": true,
      "direction": "positive"
    },
    "spearman_coop": {
      "rho": 0.17894633767572465,
      "p": 0.3036935826513783,
      "significant": false,
      "direction": "positive"
    },
    "kruskal_reward": {
      "H": 28.495238095238108,
      "p": 7.578368968551962e-05,
      "significant": true
    },
    "kruskal_gini": {
      "H": 33.01333333333335,
      "p": 1.0424071933075972e-05,
      "significant": true
    }
  },
  "figures": {
    "fig1": "simulation/outputs/run_medium_1771027136/figures/fig1_learning_curves.png",
    "fig2": "simulation/outputs/run_medium_1771027136/figures/fig2_cooperation_rate.png",
    "fig3": "simulation/outputs/run_medium_1771027136/figures/fig3_threshold_evolution.png",
    "fig5": "simulation/outputs/run_medium_1771027136/figures/fig5_gini_comparison.png",
    "fig7": "simulation/outputs/run_medium_1771027136/figures/fig7_svo_vs_welfare.png"
  }
}