{
  "selfish": {
    "theta": 0.0,
    "reward": {
      "mean": -0.12862955778837204,
      "std": 0.007651706298061321
    },
    "cooperation": {
      "mean": 0.12862955778837204,
      "std": 0.007651706298061321
    },
    "gini": {
      "mean": -0.12970751523971558,
      "std": 0.006237742629976992
    },
    "threshold_clean": {
      "mean": 0.07634369283914566
    },
    "threshold_harvest": {
      "mean": 1.0
    }
  },
  "prosocial": {
    "theta": 0.7853981633974483,
    "reward": {
      "mean": -0.1434538016716639,
      "std": 0.007068869685742365
    },
    "cooperation": {
      "mean": 0.12770182391007742,
      "std": 0.006395063389548286
    },
    "gini": {
      "mean": -0.04707608620325724,
      "std": 0.003566581030208906
    },
    "threshold_clean": {
      "mean": 0.0772186890244484
    },
    "threshold_harvest": {
      "mean": 1.0
    }
  },
  "full_altruist": {
    "theta": 1.5707963267948966,
    "reward": {
      "mean": -0.1489100307226181,
      "std": 0.007530627834185483
    },
    "cooperation": {
      "mean": 0.1267822285493215,
      "std": 0.006551193632612873
    },
    "gini": {
      "mean": -0.03181525071461996,
      "std": 0.005226816980696085
    },
    "threshold_clean": {
      "mean": 0.0790676474571228
    },
    "threshold_harvest": {
      "mean": 1.0
    }
  },
  "comparison": {
    "groups": "selfish vs full_altruist",
    "test": {
      "t_stat": 2.6715033235225105,
      "p_value": 0.05573359328415049,
      "cohens_d": 2.6714998044129565,
      "significant": false
    }
  }
}