{
  "selfish": {
    "theta": 0.0,
    "reward": {
      "mean": -0.12862955778837204,
      "std": 0.007651706298061321
    },
    "cooperation": {
      "mean": 0.12862955778837204,
      "std": 0.007651706298061321
    },
    "gini": {
      "mean": -0.12967562675476074,
      "std": 0.006249635987708712
    },
    "threshold_clean": {
      "mean": 0.07639056444168091
    },
    "threshold_harvest": {
      "mean": 1.0
    }
  },
  "prosocial": {
    "theta": 0.7853981633974483,
    "reward": {
      "mean": -0.14343554774920145,
      "std": 0.007101161417768575
    },
    "cooperation": {
      "mean": 0.12768555184205374,
      "std": 0.006424690394220251
    },
    "gini": {
      "mean": -0.04716944694519043,
      "std": 0.003601928580540743
    },
    "threshold_clean": {
      "mean": 0.07726035515467326
    },
    "threshold_harvest": {
      "mean": 1.0
    }
  },
  "full_altruist": {
    "theta": 1.5707963267948966,
    "reward": {
      "mean": -0.14890950918197632,
      "std": 0.007531099721029941
    },
    "cooperation": {
      "mean": 0.1267822285493215,
      "std": 0.006551193632612873
    },
    "gini": {
      "mean": -0.031816562016805015,
      "std": 0.00522605408779602
    },
    "threshold_clean": {
      "mean": 0.07906763007243474
    },
    "threshold_harvest": {
      "mean": 1.0
    }
  },
  "comparison": {
    "groups": "selfish vs full_altruist",
    "test": {
      "t_stat": 2.6713522590408356,
      "p_value": 0.055742237605133915,
      "cohens_d": 2.671348740238767,
      "significant": false
    }
  }
}